tx_id,amount,curr,date,counterparty_id,user_id,invoice_id,memo,is_risky
TX000000,-599.74,EUR,2025-06-29,CP0099,U015,INV00159,Annual support,0
TX000001,-3642.74,EUR,2024-02-02,CP0074,U015,INV00002,Subscription renewal,0
TX000002,2564.19,EUR,2025-01-26,CP0086,U013,INV00171,Travel expenses,0
TX000003,-685.98,EUR,2024-03-24,CP0148,U012,INV00238,Travel expenses,0
TX000004,-2115.11,EUR,2025-02-16,CP0173,U002,INV00136,Services invoice,0
TX000005,-1809.23,EUR,2024-10-23,CP0046,U006,INV00118,Travel expenses,0
TX000006,-880.05,EUR,2025-08-03,CP0120,U012,INV00077,Office supplies,0
TX000007,2409.8,EUR,2025-01-26,CP0174,U003,INV00248,Subscription renewal,0
TX000008,1967.17,EUR,2024-08-11,CP0001,U011,INV00008,Monthly retainer,0
TX000009,-1758.84,GBP,2024-02-22,CP0141,U002,INV00074,Hardware purchase,0
TX000010,1449.7,EUR,2024-12-23,CP0089,U018,INV00036,Monthly retainer,0
TX000011,-2017.27,GBP,2024-09-21,CP0174,U002,INV00225,Annual support,0
TX000012,-1775.27,USD,2024-02-01,CP0104,U002,INV00125,Monthly retainer,0
TX000013,-1570.91,USD,2024-12-14,CP0150,U015,INV00239,Subscription renewal,0
TX000014,730.78,EUR,2024-05-05,CP0029,U005,INV00172,Reimbursement,0
TX000015,3532.52,EUR,2024-05-20,CP0025,U008,INV00144,Services invoice,0
TX000016,239.5,EUR,2024-01-06,CP0166,U007,INV00134,Subscription renewal,0
TX000017,-2013.16,EUR,2024-08-11,CP0094,U005,INV00052,Annual support,0
TX000018,-1115.71,EUR,2024-05-10,CP0100,U018,INV00146,Travel expenses,0
TX000019,-3611.46,EUR,2024-02-13,CP0030,U016,INV00178,One‑off service,0
TX000020,415.82,EUR,2024-09-17,CP0040,U005,INV00250,Annual support,0
TX000021,-617.68,EUR,2024-05-12,CP0147,U016,INV00142,Office supplies,0
TX000022,336.22,EUR,2024-03-21,CP0054,U017,INV00244,Reimbursement,0
TX000023,1888.16,EUR,2024-10-07,CP0105,U012,INV00245,Subscription renewal,0
TX000024,-147.66,USD,2024-02-07,CP0056,U013,INV00135,Annual support,0
TX000025,925.77,EUR,2025-08-17,CP0047,U022,INV00114,Subscription renewal,0
TX000026,1082.84,EUR,2024-10-09,CP0029,U010,INV00037,Subscription renewal,0
TX000027,1788.51,EUR,2025-08-20,CP0167,U009,INV00069,Travel expenses,0
TX000028,-899.74,EUR,2025-06-12,CP0169,U012,INV00228,Reimbursement,0
TX000029,-285.67,EUR,2025-08-10,CP0020,U020,INV00035,Subscription renewal,0
TX000030,2802.73,EUR,2024-11-21,CP0063,U017,INV00103,Subscription renewal,0
TX000031,69.2,EUR,2024-09-10,CP0101,U001,INV00181,Hardware purchase,0
TX000032,2456.33,EUR,2025-03-07,CP0068,U011,INV00062,Office supplies,0
TX000033,-658.75,EUR,2024-02-18,CP0129,U017,INV00253,Office supplies,0
TX000034,-3421.89,EUR,2025-05-19,CP0046,U005,INV00168,Annual support,0
TX000035,2399.46,EUR,2024-07-13,CP0010,U023,INV00007,Subscription renewal,0
TX000036,290.34,EUR,2024-01-05,CP0060,U019,INV00064,Services invoice,0
TX000037,399.5,EUR,2024-05-22,CP0107,U020,INV00192,Subscription renewal,0
TX000038,2226.63,EUR,2024-05-25,CP0032,U001,INV00224,Office supplies,0
TX000039,1185.15,EUR,2024-01-09,CP0146,U013,INV00241,Monthly retainer,0
TX000040,-1296.79,EUR,2025-02-05,CP0002,U012,INV00221,Travel expenses,0
TX000041,-3026.69,EUR,2024-02-27,CP0012,U015,INV00019,Hardware purchase,0
TX000042,601.57,GBP,2025-05-23,CP0091,U020,INV00189,Subscription renewal,1
TX000043,-1609.55,EUR,2024-09-28,CP0092,U008,INV00028,Annual support,0
TX000044,2645.55,EUR,2025-03-06,CP0053,U012,INV00019,Subscription renewal,0
TX000045,-2470.94,EUR,2024-07-22,CP0046,U016,INV00179,Office supplies,0
TX000046,-1308.46,USD,2024-03-20,CP0012,U018,INV00124,Reimbursement,0
TX000047,1153.31,USD,2024-04-18,CP0119,U018,INV00168,Consulting fee,0
TX000048,-586.58,EUR,2025-01-22,CP0068,U008,INV00221,Subscription renewal,0
TX000049,232.51,EUR,2025-03-05,CP0021,U023,INV00017,Hardware purchase,0
TX000050,1882.03,EUR,2024-06-09,CP0071,U000,INV00137,One‑off service,0
TX000051,-1334.54,EUR,2024-08-02,CP0168,U011,INV00216,Consulting fee,0
TX000052,1589.91,EUR,2025-07-21,CP0047,U014,INV00114,Travel expenses,0
TX000053,-2747.1,EUR,2025-05-26,CP0161,U001,INV00136,Office supplies,0
TX000054,75.21,GBP,2024-09-04,CP0046,U010,INV00129,Monthly retainer,0
TX000055,-1216.58,USD,2024-05-24,CP0033,U014,INV00235,Hardware purchase,0
TX000056,1726.45,EUR,2024-06-29,CP0046,U014,INV00012,Hardware purchase,0
TX000057,-655.01,GBP,2024-11-19,CP0058,U002,INV00228,Annual support,0
TX000058,3217.77,EUR,2024-12-06,CP0021,U006,INV00212,Monthly retainer,0
TX000059,2590.3,EUR,2024-04-20,CP0105,U005,INV00211,Office supplies,0
TX000060,1848.16,USD,2024-02-09,CP0060,U015,INV00107,Hardware purchase,0
TX000061,-3653.08,EUR,2024-10-24,CP0129,U007,INV00134,Annual support,0
TX000062,-298.67,EUR,2025-04-23,CP0088,U013,INV00095,Subscription renewal,0
TX000063,-1490.73,EUR,2024-04-01,CP0079,U017,INV00065,Consulting fee,0
TX000064,-1939.6,EUR,2024-09-02,CP0084,U019,INV00227,Services invoice,0
TX000065,-402.53,EUR,2024-04-06,CP0028,U004,INV00131,Consulting fee,0
TX000066,-1860.86,EUR,2024-05-25,CP0128,U021,INV00188,Office supplies,0
TX000067,172.1,EUR,2025-01-02,CP0018,U003,INV00026,Annual support,0
TX000068,-2328.67,EUR,2024-06-20,CP0129,U000,INV00205,Office supplies,0
TX000069,2769.4,EUR,2024-06-07,CP0179,U001,INV00171,Travel expenses,0
TX000070,1826.8,EUR,2025-08-20,CP0137,U004,INV00259,Office supplies,0
TX000071,-5786.88,EUR,2024-04-13,CP0081,U020,INV00034,Services invoice,0
TX000072,339.85,EUR,2024-04-23,CP0056,U004,INV00140,Services invoice,0
TX000073,2177.65,EUR,2025-07-11,CP0157,U016,INV00132,Subscription renewal,0
TX000074,-1525.44,EUR,2024-11-26,CP0046,U010,INV00139,Travel expenses,0
TX000075,-1732.8,EUR,2024-01-26,CP0086,U000,INV00014,One‑off service,0
TX000076,-2991.4,USD,2024-09-11,CP0138,U010,INV00123,Office supplies,0
TX000077,-1663.99,EUR,2024-12-05,CP0166,U000,INV00077,Consulting fee,0
TX000078,-517.11,EUR,2024-05-31,CP0165,U011,INV00160,Travel expenses,0
TX000079,2693.95,EUR,2024-11-24,CP0015,U013,INV00060,Office supplies,0
TX000080,686.95,EUR,2025-01-24,CP0161,U012,INV00113,Hardware purchase,0
TX000081,673.86,EUR,2024-05-30,CP0020,U006,INV00161,Consulting fee,0
TX000082,-1930.02,EUR,2025-05-02,CP0105,U018,INV00016,Annual support,0
TX000083,3637.25,EUR,2024-09-28,CP0167,U014,INV00204,Monthly retainer,1
TX000084,3448.3,GBP,2025-08-01,CP0117,U006,INV00186,Monthly retainer,1
TX000085,-15453.2,EUR,2024-02-22,CP0170,U010,INV00014,Hardware purchase,0
TX000086,2054.86,USD,2024-07-13,CP0061,U002,INV00016,Travel expenses,0
TX000087,2449.8,EUR,2025-03-08,CP0056,U022,INV00221,Services invoice,0
TX000088,-8.38,USD,2025-06-20,CP0058,U018,INV00073,Consulting fee,0
TX000089,-2272.98,GBP,2024-05-13,CP0063,U006,INV00223,Hardware purchase,0
TX000090,619.11,EUR,2025-08-11,CP0122,U016,INV00129,Services invoice,0
TX000091,-1882.17,EUR,2024-04-26,CP0081,U016,INV00088,Monthly retainer,0
TX000092,-1227.04,EUR,2024-09-06,CP0132,U014,INV00071,One‑off service,0
TX000093,-2101.45,EUR,2024-07-07,CP0074,U001,INV00171,Consulting fee,0
TX000094,1641.72,EUR,2024-09-11,CP0055,U021,INV00028,Hardware purchase,0
TX000095,2187.64,EUR,2025-06-25,CP0034,U022,INV00104,Travel expenses,0
TX000096,1714.67,USD,2025-03-15,CP0099,U023,INV00089,Subscription renewal,0
TX000097,-2270.58,EUR,2025-04-22,CP0161,U023,INV00040,One‑off service,0
TX000098,2035.11,EUR,2024-06-01,CP0154,U022,INV00091,One‑off service,0
TX000099,-1376.9,EUR,2025-07-22,CP0045,U017,INV00137,Consulting fee,0
TX000100,3470.59,EUR,2024-09-18,CP0085,U001,INV00176,Reimbursement,0
TX000101,1873.65,EUR,2025-01-26,CP0126,U011,INV00022,Reimbursement,0
TX000102,2025.21,EUR,2025-02-22,CP0110,U005,INV00226,Reimbursement,0
TX000103,-2753.39,EUR,2025-02-01,CP0012,U005,INV00228,Subscription renewal,0
TX000104,1935.11,EUR,2024-12-27,CP0106,U019,INV00179,Hardware purchase,0
TX000105,422.38,EUR,2024-10-15,CP0006,U019,INV00240,One‑off service,0
TX000106,-1426.0,EUR,2025-01-23,CP0020,U012,INV00111,Subscription renewal,0
TX000107,-927.45,EUR,2025-06-27,CP0117,U017,INV00213,One‑off service,0
TX000108,2413.13,EUR,2024-08-21,CP0018,U003,INV00189,Office supplies,0
TX000109,-1076.28,GBP,2024-11-02,CP0061,U005,INV00146,One‑off service,0
TX000110,-2461.41,USD,2024-04-18,CP0105,U020,INV00046,Monthly retainer,0
TX000111,1678.47,EUR,2024-08-01,CP0117,U010,INV00144,One‑off service,0
TX000112,3045.68,EUR,2025-04-08,CP0080,U013,INV00234,Travel expenses,0
TX000113,1145.74,EUR,2025-01-19,CP0016,U011,INV00255,Subscription renewal,0
TX000114,2061.14,EUR,2024-05-06,CP0143,U004,INV00116,Monthly retainer,0
TX000115,-16856.48,EUR,2024-11-23,CP0170,U019,INV00064,Subscription renewal,0
TX000116,3301.92,EUR,2025-05-02,CP0159,U018,INV00194,Travel expenses,0
TX000117,-547.96,EUR,2024-03-15,CP0134,U016,INV00019,Hardware purchase,0
TX000118,-949.91,EUR,2024-02-07,CP0072,U008,INV00039,Travel expenses,0
TX000119,2518.22,EUR,2024-08-23,CP0157,U015,INV00146,Monthly retainer,0
TX000120,3355.08,EUR,2025-01-28,CP0087,U022,INV00257,Monthly retainer,0
TX000121,1788.09,EUR,2024-07-06,CP0024,U015,INV00085,Travel expenses,0
TX000122,-1148.76,EUR,2025-05-07,CP0153,U011,INV00115,One‑off service,0
TX000123,2408.54,EUR,2025-05-23,CP0057,U006,INV00083,Hardware purchase,0
TX000124,2542.44,EUR,2024-11-15,CP0168,U012,INV00114,Services invoice,0
TX000125,1068.41,EUR,2024-08-15,CP0066,U008,INV00001,Reimbursement,0
TX000126,1896.37,EUR,2024-01-26,CP0156,U014,INV00154,Travel expenses,0
TX000127,2916.63,GBP,2025-05-07,CP0096,U001,INV00155,Monthly retainer,0
TX000128,3768.55,EUR,2025-06-21,CP0084,U004,INV00082,Office supplies,0
TX000129,2391.13,USD,2024-09-22,CP0053,U018,INV00068,Consulting fee,0
TX000130,1552.97,EUR,2024-11-05,CP0150,U009,INV00198,Subscription renewal,0
TX000131,1435.11,EUR,2025-03-28,CP0010,U010,INV00048,Reimbursement,0
TX000132,2168.88,EUR,2025-02-21,CP0084,U013,INV00012,Consulting fee,0
TX000133,-1361.19,EUR,2024-03-22,CP0066,U010,INV00010,Monthly retainer,0
TX000134,13820.56,EUR,2025-02-07,CP0097,U018,INV00229,Subscription renewal,0
TX000135,-230.55,GBP,2025-07-08,CP0045,U005,INV00094,One‑off service,0
TX000136,-3056.47,EUR,2025-03-26,CP0119,U018,INV00026,Reimbursement,0
TX000137,131.78,EUR,2024-10-15,CP0069,U005,INV00228,Consulting fee,0
TX000138,981.47,EUR,2024-11-09,CP0033,U008,INV00038,One‑off service,0
TX000139,1617.11,EUR,2024-06-04,CP0035,U014,INV00087,Services invoice,0
TX000140,3889.18,EUR,2025-01-31,CP0125,U021,INV00005,Services invoice,0
TX000141,992.78,EUR,2024-05-24,CP0047,U005,INV00176,Services invoice,0
TX000142,700.78,EUR,2024-07-24,CP0055,U014,INV00181,Annual support,0
TX000143,839.02,EUR,2024-06-08,CP0112,U001,INV00196,Services invoice,0
TX000144,-3490.68,EUR,2024-07-20,CP0059,U001,INV00068,Monthly retainer,0
TX000145,-1874.82,EUR,2024-08-08,CP0069,U018,INV00085,Hardware purchase,0
TX000146,-296.71,USD,2024-02-19,CP0044,U017,INV00243,Subscription renewal,0
TX000147,-4777.55,EUR,2025-03-06,CP0062,U009,INV00213,One‑off service,0
TX000148,-2209.06,EUR,2024-09-21,CP0124,U014,INV00009,Subscription renewal,0
TX000149,172.82,EUR,2025-07-23,CP0096,U009,INV00179,Services invoice,0
TX000150,1449.7,EUR,2024-04-18,CP0179,U006,INV00211,Consulting fee,0
TX000151,1580.95,EUR,2025-02-05,CP0138,U010,INV00145,Consulting fee,0
TX000152,2515.35,EUR,2024-04-17,CP0003,U007,INV00166,Travel expenses,0
TX000153,3707.4,EUR,2024-11-24,CP0068,U019,INV00000,Monthly retainer,0
TX000154,-1966.26,EUR,2024-10-21,CP0052,U009,INV00007,Travel expenses,0
TX000155,852.25,EUR,2024-09-26,CP0105,U007,INV00009,Monthly retainer,0
TX000156,2444.5,EUR,2025-01-27,CP0047,U012,INV00041,Services invoice,0
TX000157,662.1,EUR,2025-05-11,CP0173,U018,INV00257,Services invoice,0
TX000158,-260.0,EUR,2024-07-09,CP0053,U006,INV00164,Office supplies,0
TX000159,611.89,EUR,2025-05-24,CP0093,U022,INV00203,One‑off service,0
TX000160,-378.15,EUR,2024-04-20,CP0022,U011,INV00076,Office supplies,0
TX000161,-424.27,GBP,2024-06-24,CP0163,U015,INV00243,Consulting fee,0
TX000162,86.65,EUR,2024-07-05,CP0164,U022,INV00051,Travel expenses,0
TX000163,1875.88,EUR,2025-07-26,CP0142,U010,INV00234,Travel expenses,0
TX000164,-60.72,EUR,2024-03-12,CP0063,U004,INV00008,Hardware purchase,0
TX000165,2272.4,EUR,2024-08-25,CP0010,U017,INV00005,Subscription renewal,0
TX000166,247.31,EUR,2024-09-11,CP0127,U000,INV00020,Subscription renewal,0
TX000167,933.77,EUR,2025-04-25,CP0077,U010,INV00205,Services invoice,0
TX000168,773.46,EUR,2024-10-18,CP0178,U023,INV00066,Hardware purchase,0
TX000169,-3323.43,EUR,2025-08-03,CP0125,U009,INV00117,Hardware purchase,0
TX000170,-763.75,EUR,2025-03-20,CP0096,U016,INV00122,Office supplies,0
TX000171,2557.11,USD,2025-02-26,CP0177,U012,INV00205,Monthly retainer,0
TX000172,1477.22,EUR,2025-03-27,CP0144,U005,INV00090,Hardware purchase,0
TX000173,-1449.23,EUR,2024-04-06,CP0082,U007,INV00001,Office supplies,0
TX000174,497.54,EUR,2024-09-26,CP0003,U012,INV00100,Hardware purchase,0
TX000175,1429.46,USD,2024-12-17,CP0016,U002,INV00074,Monthly retainer,0
TX000176,581.88,EUR,2024-05-05,CP0079,U009,INV00190,Monthly retainer,0
TX000177,1704.03,GBP,2024-03-12,CP0101,U009,INV00195,Annual support,0
TX000178,1216.5,USD,2024-03-22,CP0005,U020,INV00023,Reimbursement,0
TX000179,-366.45,EUR,2025-04-18,CP0022,U002,INV00206,Services invoice,0
TX000180,-2690.27,EUR,2025-01-29,CP0126,U020,INV00018,Office supplies,0
TX000181,2012.21,EUR,2024-06-17,CP0135,U009,INV00161,Hardware purchase,0
TX000182,962.32,EUR,2025-03-18,CP0005,U015,INV00101,Travel expenses,0
TX000183,1674.59,EUR,2025-02-21,CP0091,U013,INV00078,Consulting fee,0
TX000184,1399.41,USD,2025-05-04,CP0014,U007,INV00125,Office supplies,0
TX000185,-458.89,EUR,2025-06-30,CP0130,U022,INV00080,Office supplies,0
TX000186,-12676.8,EUR,2025-06-13,CP0150,U005,INV00206,Office supplies,0
TX000187,-754.79,EUR,2024-04-18,CP0156,U000,INV00251,Services invoice,0
TX000188,-366.08,EUR,2025-04-06,CP0107,U018,INV00212,Hardware purchase,0
TX000189,-447.32,USD,2024-08-23,CP0113,U014,INV00114,Travel expenses,0
TX000190,1069.67,EUR,2024-08-29,CP0166,U021,INV00130,Monthly retainer,0
TX000191,2180.36,EUR,2025-01-23,CP0110,U010,INV00116,Consulting fee,0
TX000192,666.41,USD,2024-12-27,CP0080,U000,INV00206,Office supplies,0
TX000193,4524.85,USD,2024-09-08,CP0135,U000,INV00143,One‑off service,1
TX000194,-2562.82,EUR,2025-08-22,CP0106,U010,INV00121,Office supplies,0
TX000195,3065.2,EUR,2024-04-14,CP0151,U005,INV00106,Subscription renewal,0
TX000196,-2454.29,EUR,2024-02-28,CP0094,U022,INV00097,Travel expenses,0
TX000197,3723.44,EUR,2024-01-18,CP0156,U002,INV00143,Consulting fee,0
TX000198,555.6,EUR,2025-05-03,CP0008,U021,INV00179,Services invoice,0
TX000199,1572.88,EUR,2024-08-31,CP0006,U005,INV00112,Office supplies,0
TX000200,-964.65,USD,2024-09-19,CP0017,U002,INV00209,One‑off service,0
TX000201,-2169.86,EUR,2025-01-24,CP0100,U006,INV00214,Reimbursement,0
TX000202,1681.82,USD,2024-09-18,CP0127,U003,INV00111,Monthly retainer,0
TX000203,-14644.56,USD,2024-12-10,CP0038,U009,INV00236,Monthly retainer,1
TX000204,-3085.09,EUR,2024-02-05,CP0028,U007,INV00044,Office supplies,0
TX000205,-1958.47,EUR,2024-04-03,CP0154,U012,INV00242,Office supplies,0
TX000206,2458.7,EUR,2025-07-13,CP0135,U012,INV00076,Hardware purchase,0
TX000207,372.52,EUR,2024-09-27,CP0116,U000,INV00146,Monthly retainer,0
TX000208,185.53,EUR,2024-04-10,CP0087,U002,INV00073,Office supplies,0
TX000209,3436.94,EUR,2024-08-09,CP0075,U003,INV00114,Reimbursement,0
TX000210,-1621.08,EUR,2024-07-19,CP0003,U004,INV00088,Consulting fee,0
TX000211,752.12,EUR,2024-06-13,CP0033,U002,INV00183,Services invoice,0
TX000212,-754.33,EUR,2024-06-25,CP0161,U007,INV00021,Annual support,0
TX000213,-721.05,EUR,2025-03-13,CP0061,U013,INV00217,Annual support,0
TX000214,649.25,EUR,2024-03-05,CP0126,U007,INV00234,Monthly retainer,0
TX000215,39.78,EUR,2024-07-04,CP0126,U007,INV00146,Monthly retainer,0
TX000216,300.5,USD,2024-10-07,CP0055,U011,INV00142,Travel expenses,0
TX000217,1265.99,USD,2024-11-20,CP0036,U013,INV00181,Office supplies,0
TX000218,788.49,EUR,2025-06-12,CP0124,U007,INV00051,Hardware purchase,0
TX000219,-2828.59,EUR,2025-07-07,CP0016,U005,INV00194,Hardware purchase,0
TX000220,-1851.69,EUR,2024-06-27,CP0089,U009,INV00056,Office supplies,0
TX000221,1818.38,EUR,2024-11-19,CP0159,U000,INV00175,Consulting fee,0
TX000222,-608.26,EUR,2024-01-14,CP0128,U011,INV00079,Hardware purchase,0
TX000223,-1354.77,EUR,2025-01-05,CP0137,U022,INV00193,Office supplies,0
TX000224,1933.2,USD,2024-04-01,CP0014,U009,INV00205,Monthly retainer,0
TX000225,2359.43,EUR,2024-02-13,CP0035,U002,INV00054,Services invoice,0
TX000226,1387.33,EUR,2025-02-07,CP0049,U016,INV00160,Annual support,0
TX000227,2794.95,GBP,2024-04-16,CP0052,U003,INV00129,Services invoice,0
TX000228,-1509.59,EUR,2024-10-13,CP0034,U004,INV00076,Monthly retainer,0
TX000229,2451.42,EUR,2024-03-01,CP0174,U003,INV00152,Subscription renewal,0
TX000230,912.18,USD,2025-03-23,CP0029,U021,INV00258,Services invoice,0
TX000231,675.11,EUR,2025-04-03,CP0127,U023,INV00000,Travel expenses,0
TX000232,1822.03,EUR,2024-12-10,CP0105,U013,INV00248,One‑off service,0
TX000233,-2370.39,EUR,2025-05-16,CP0109,U014,INV00222,Subscription renewal,0
TX000234,17523.36,USD,2024-09-19,CP0038,U015,INV00137,One‑off service,0
TX000235,2006.62,EUR,2024-04-21,CP0055,U014,INV00158,Reimbursement,0
TX000236,1081.7,EUR,2024-03-31,CP0109,U013,INV00095,One‑off service,0
TX000237,531.9,EUR,2024-05-11,CP0053,U023,INV00033,Monthly retainer,0
TX000238,2162.07,EUR,2024-04-30,CP0124,U017,INV00148,Reimbursement,0
TX000239,-2011.74,EUR,2024-07-12,CP0007,U002,INV00212,Hardware purchase,0
TX000240,826.92,EUR,2024-05-08,CP0013,U009,INV00060,Travel expenses,0
TX000241,2831.31,EUR,2024-12-20,CP0131,U023,INV00186,One‑off service,0
TX000242,-440.56,EUR,2024-03-30,CP0111,U009,INV00194,Annual support,0
TX000243,799.77,EUR,2025-01-08,CP0007,U004,INV00197,Subscription renewal,0
TX000244,-3463.71,EUR,2024-07-19,CP0161,U020,INV00088,Hardware purchase,0
TX000245,2542.3,EUR,2025-02-16,CP0000,U014,INV00101,Annual support,0
TX000246,1070.39,EUR,2024-11-03,CP0171,U013,INV00108,Annual support,0
TX000247,1844.86,EUR,2025-06-27,CP0131,U010,INV00222,Consulting fee,0
TX000248,1685.75,USD,2024-09-20,CP0177,U002,INV00234,Monthly retainer,0
TX000249,1794.74,GBP,2024-06-26,CP0170,U009,INV00107,Hardware purchase,0
TX000250,412.23,EUR,2024-12-19,CP0056,U010,INV00252,Subscription renewal,0
TX000251,-1438.98,EUR,2025-01-30,CP0136,U022,INV00148,Services invoice,0
TX000252,-1072.07,EUR,2024-09-20,CP0037,U007,INV00100,Office supplies,0
TX000253,1796.52,EUR,2024-12-01,CP0084,U003,INV00000,Subscription renewal,0
TX000254,2855.38,EUR,2024-10-09,CP0043,U010,INV00158,Consulting fee,0
TX000255,-1114.16,USD,2024-07-02,CP0087,U023,INV00167,Services invoice,0
TX000256,-230.81,EUR,2024-07-07,CP0157,U011,INV00251,Consulting fee,0
TX000257,-1889.82,EUR,2025-06-28,CP0078,U009,INV00186,Services invoice,0
TX000258,-1108.05,GBP,2025-02-09,CP0016,U016,INV00007,Hardware purchase,0
TX000259,-1312.72,EUR,2024-02-27,CP0058,U015,INV00147,One‑off service,0
TX000260,1149.87,EUR,2025-07-31,CP0141,U007,INV00193,Reimbursement,0
TX000261,-4190.21,EUR,2025-03-03,CP0093,U023,INV00129,Office supplies,0
TX000262,1188.85,EUR,2024-01-31,CP0100,U014,INV00111,Annual support,0
TX000263,1034.0,USD,2025-03-12,CP0077,U001,INV00210,Travel expenses,0
TX000264,1495.57,EUR,2024-12-19,CP0052,U009,INV00158,Travel expenses,0
TX000265,-562.63,EUR,2025-07-03,CP0107,U022,INV00177,Hardware purchase,0
TX000266,-2579.79,EUR,2024-10-20,CP0113,U009,INV00120,Travel expenses,0
TX000267,-2475.91,USD,2024-11-07,CP0161,U013,INV00072,Annual support,0
TX000268,1442.69,EUR,2024-07-07,CP0111,U014,INV00134,Hardware purchase,0
TX000269,-1175.19,EUR,2024-07-11,CP0179,U016,INV00249,Services invoice,0
TX000270,-1365.65,EUR,2025-01-05,CP0148,U020,INV00156,Office supplies,0
TX000271,1374.26,USD,2025-05-11,CP0014,U003,INV00183,Subscription renewal,0
TX000272,-1405.95,EUR,2025-06-18,CP0070,U012,INV00032,Reimbursement,0
TX000273,-1274.4,EUR,2025-04-07,CP0069,U012,INV00256,One‑off service,0
TX000274,-1802.94,USD,2024-12-31,CP0000,U003,INV00063,Hardware purchase,0
TX000275,2403.85,EUR,2024-10-27,CP0032,U016,INV00252,Travel expenses,0
TX000276,189.52,EUR,2024-07-22,CP0137,U002,INV00115,Subscription renewal,0
TX000277,239.2,EUR,2025-04-05,CP0063,U010,INV00238,Consulting fee,0
TX000278,-598.22,EUR,2024-07-09,CP0026,U007,INV00231,Travel expenses,0
TX000279,-2539.68,EUR,2024-06-09,CP0051,U003,INV00196,Hardware purchase,0
TX000280,1800.39,EUR,2025-06-04,CP0049,U019,INV00238,Travel expenses,0
TX000281,2106.32,EUR,2024-12-19,CP0031,U005,INV00158,Travel expenses,0
TX000282,-215.4,EUR,2024-07-31,CP0018,U006,INV00220,Subscription renewal,0
TX000283,3641.94,EUR,2025-06-03,CP0137,U020,INV00044,Services invoice,0
TX000284,769.38,GBP,2025-07-31,CP0148,U021,INV00018,Reimbursement,0
TX000285,-1701.85,EUR,2024-07-09,CP0089,U000,INV00141,Office supplies,0
TX000286,2525.26,EUR,2024-11-08,CP0110,U006,INV00210,Subscription renewal,0
TX000287,-2524.96,EUR,2024-10-17,CP0165,U017,INV00198,Services invoice,0
TX000288,844.41,EUR,2025-02-24,CP0151,U018,INV00137,Office supplies,0
TX000289,-1715.01,EUR,2025-07-24,CP0005,U023,INV00135,One‑off service,0
TX000290,-4928.97,EUR,2024-11-25,CP0171,U013,INV00158,Office supplies,0
TX000291,1861.35,EUR,2025-04-23,CP0012,U000,INV00225,Consulting fee,0
TX000292,27421.04,EUR,2024-12-23,CP0004,U020,INV00218,Services invoice,0
TX000293,2946.81,EUR,2025-06-16,CP0072,U003,INV00028,Services invoice,0
TX000294,-1941.61,USD,2024-08-30,CP0134,U002,INV00154,Monthly retainer,0
TX000295,312.97,USD,2024-08-19,CP0014,U016,INV00099,Hardware purchase,0
TX000296,2771.7,EUR,2024-09-10,CP0052,U014,INV00207,Consulting fee,0
TX000297,-297.73,EUR,2025-08-20,CP0047,U001,INV00131,Hardware purchase,0
TX000298,3421.05,EUR,2025-01-01,CP0071,U004,INV00257,Monthly retainer,0
TX000299,1740.01,EUR,2024-04-01,CP0177,U014,INV00112,Office supplies,0
TX000300,1680.27,USD,2024-01-25,CP0059,U006,INV00176,Monthly retainer,0
TX000301,1091.39,USD,2024-11-07,CP0037,U016,INV00028,Hardware purchase,0
TX000302,2284.74,EUR,2025-04-28,CP0022,U009,INV00242,Travel expenses,0
TX000303,1215.57,USD,2024-10-14,CP0035,U014,INV00039,Subscription renewal,0
TX000304,2358.01,EUR,2024-12-02,CP0023,U011,INV00098,Annual support,0
TX000305,479.97,USD,2025-04-24,CP0103,U008,INV00217,Monthly retainer,0
TX000306,-67.18,EUR,2024-11-05,CP0075,U008,INV00251,Hardware purchase,0
TX000307,1414.27,EUR,2025-06-29,CP0089,U016,INV00125,Annual support,0
TX000308,1537.88,EUR,2025-01-17,CP0149,U012,INV00126,Annual support,0
TX000309,1081.94,GBP,2025-03-14,CP0104,U014,INV00012,Reimbursement,0
TX000310,2972.75,EUR,2025-04-13,CP0027,U013,INV00254,Subscription renewal,0
TX000311,479.75,EUR,2025-01-11,CP0067,U004,INV00004,One‑off service,0
TX000312,-1875.8,EUR,2024-01-31,CP0056,U021,INV00006,Annual support,0
TX000313,1581.56,EUR,2024-09-13,CP0148,U013,INV00123,Annual support,0
TX000314,-368.06,USD,2024-03-25,CP0055,U017,INV00000,Annual support,0
TX000315,-82.84,EUR,2024-11-02,CP0024,U021,INV00042,Hardware purchase,0
TX000316,-1514.29,EUR,2024-03-26,CP0132,U022,INV00163,Annual support,0
TX000317,3877.44,EUR,2024-11-01,CP0077,U016,INV00183,Subscription renewal,0
TX000318,2195.12,EUR,2024-07-25,CP0017,U018,INV00077,Services invoice,0
TX000319,570.76,EUR,2024-01-13,CP0124,U011,INV00206,Monthly retainer,0
TX000320,-2232.59,EUR,2024-03-15,CP0037,U017,INV00158,Reimbursement,0
TX000321,2379.66,EUR,2024-10-28,CP0156,U007,INV00059,Services invoice,0
TX000322,1384.54,EUR,2024-02-17,CP0149,U017,INV00185,Subscription renewal,0
TX000323,-2869.52,EUR,2025-05-28,CP0066,U002,INV00153,Consulting fee,0
TX000324,-443.14,EUR,2025-03-31,CP0100,U021,INV00211,Office supplies,0
TX000325,1920.25,EUR,2025-03-01,CP0102,U005,INV00040,Subscription renewal,0
TX000326,-2515.41,USD,2024-04-13,CP0117,U015,INV00060,Annual support,0
TX000327,963.04,USD,2025-04-22,CP0012,U000,INV00078,Annual support,0
TX000328,988.7,EUR,2025-01-15,CP0058,U003,INV00088,Subscription renewal,0
TX000329,-1530.32,EUR,2024-08-22,CP0030,U023,INV00231,Office supplies,0
TX000330,2151.21,GBP,2024-01-01,CP0125,U020,INV00190,Services invoice,0
TX000331,1482.8,EUR,2024-11-13,CP0012,U005,INV00141,Annual support,0
TX000332,2668.8,EUR,2025-04-22,CP0093,U003,INV00140,Reimbursement,0
TX000333,945.68,EUR,2024-01-21,CP0131,U019,INV00230,Reimbursement,0
TX000334,-94.07,EUR,2024-02-01,CP0170,U023,INV00116,Office supplies,0
TX000335,-3872.37,EUR,2024-08-17,CP0051,U004,INV00058,Reimbursement,0
TX000336,-774.44,EUR,2024-11-02,CP0001,U015,INV00035,Monthly retainer,0
TX000337,817.87,EUR,2024-10-11,CP0130,U006,INV00085,Subscription renewal,0
TX000338,1421.04,GBP,2024-09-12,CP0000,U017,INV00169,Travel expenses,0
TX000339,-1580.62,EUR,2024-06-02,CP0011,U010,INV00122,Office supplies,0
TX000340,-1035.98,EUR,2024-02-05,CP0178,U003,INV00109,One‑off service,0
TX000341,1479.08,EUR,2024-01-19,CP0155,U007,INV00124,Office supplies,0
TX000342,-1452.29,EUR,2024-02-29,CP0127,U012,INV00253,Office supplies,0
TX000343,1709.78,EUR,2025-02-18,CP0150,U019,INV00259,Annual support,0
TX000344,-1328.98,EUR,2025-04-16,CP0013,U000,INV00041,Services invoice,0
TX000345,3757.05,EUR,2024-09-18,CP0016,U022,INV00029,One‑off service,0
TX000346,-1323.25,EUR,2024-02-16,CP0054,U015,INV00063,Annual support,0
TX000347,-17574.0,USD,2024-09-06,CP0004,U021,INV00221,Hardware purchase,1
TX000348,-153.72,EUR,2025-08-14,CP0159,U022,INV00119,Hardware purchase,0
TX000349,934.8,USD,2024-05-29,CP0010,U003,INV00224,One‑off service,0
TX000350,-693.22,EUR,2024-10-21,CP0097,U002,INV00168,One‑off service,0
TX000351,3263.67,EUR,2024-11-18,CP0153,U018,INV00143,Subscription renewal,0
TX000352,797.02,EUR,2024-07-16,CP0132,U004,INV00073,Hardware purchase,0
TX000353,-19277.6,EUR,2024-09-19,CP0042,U003,INV00089,One‑off service,0
TX000354,5756.0,EUR,2024-10-10,CP0084,U011,INV00038,One‑off service,0
TX000355,-956.86,EUR,2024-10-11,CP0098,U021,INV00134,Annual support,0
TX000356,1205.34,EUR,2025-03-06,CP0138,U019,INV00072,Consulting fee,0
TX000357,-3040.61,EUR,2024-12-14,CP0076,U012,INV00076,Travel expenses,0
TX000358,-767.82,GBP,2024-02-02,CP0051,U004,INV00010,Consulting fee,0
TX000359,78.8,EUR,2024-01-04,CP0143,U008,INV00207,Monthly retainer,0
TX000360,-836.77,EUR,2024-09-03,CP0159,U016,INV00244,Travel expenses,0
TX000361,195.0,USD,2025-06-28,CP0088,U003,INV00129,Services invoice,0
TX000362,526.08,USD,2024-01-23,CP0005,U012,INV00139,Services invoice,0
TX000363,-437.38,EUR,2024-02-12,CP0090,U000,INV00240,Monthly retainer,0
TX000364,619.02,EUR,2025-02-11,CP0160,U007,INV00132,Consulting fee,0
TX000365,7341.28,EUR,2024-09-27,CP0178,U005,INV00161,Monthly retainer,1
TX000366,278.41,EUR,2024-05-18,CP0072,U016,INV00111,One‑off service,0
TX000367,-2940.5,EUR,2024-05-04,CP0027,U021,INV00133,One‑off service,0
TX000368,1984.31,EUR,2025-02-03,CP0102,U003,INV00135,One‑off service,0
TX000369,1724.96,EUR,2024-11-10,CP0149,U019,INV00184,Reimbursement,0
TX000370,296.67,EUR,2025-01-17,CP0170,U015,INV00157,Hardware purchase,0
TX000371,-343.3,USD,2024-06-17,CP0009,U023,INV00131,Travel expenses,0
TX000372,133.01,USD,2024-11-11,CP0052,U021,INV00019,Office supplies,0
TX000373,-1448.15,USD,2025-05-31,CP0085,U002,INV00235,Monthly retainer,0
TX000374,-2541.81,EUR,2024-07-08,CP0017,U017,INV00230,One‑off service,0
TX000375,2582.84,EUR,2024-08-25,CP0159,U014,INV00047,Consulting fee,0
TX000376,-2256.73,EUR,2024-04-08,CP0020,U002,INV00076,One‑off service,0
TX000377,-614.93,EUR,2025-01-18,CP0119,U006,INV00253,Monthly retainer,0
TX000378,1529.46,EUR,2024-01-20,CP0165,U022,INV00083,Consulting fee,0
TX000379,1114.39,EUR,2024-05-29,CP0123,U013,INV00211,Consulting fee,0
TX000380,1258.57,EUR,2025-03-03,CP0137,U008,INV00204,Monthly retainer,0
TX000381,3944.55,EUR,2024-01-12,CP0047,U007,INV00223,Annual support,0
TX000382,-614.4,EUR,2025-08-16,CP0148,U020,INV00004,Subscription renewal,0
TX000383,-1218.39,EUR,2024-08-30,CP0075,U006,INV00125,Travel expenses,0
TX000384,2954.1,EUR,2024-08-27,CP0011,U003,INV00147,Reimbursement,0
TX000385,-2072.56,EUR,2024-11-17,CP0065,U013,INV00217,Office supplies,0
TX000386,727.5,GBP,2025-01-18,CP0062,U023,INV00058,Reimbursement,0
TX000387,865.15,EUR,2024-10-02,CP0093,U004,INV00079,Reimbursement,0
TX000388,9856.4,EUR,2025-06-14,CP0047,U006,INV00046,Annual support,0
TX000389,415.15,USD,2025-07-31,CP0083,U011,INV00198,Travel expenses,0
TX000390,2214.34,EUR,2024-04-30,CP0077,U004,INV00259,Services invoice,0
TX000391,-2299.54,EUR,2025-02-28,CP0058,U015,INV00036,Consulting fee,0
TX000392,2110.05,EUR,2024-06-29,CP0125,U006,INV00060,One‑off service,0
TX000393,-455.55,EUR,2025-08-20,CP0054,U003,INV00079,Travel expenses,0
TX000394,-1603.81,EUR,2024-05-31,CP0137,U006,INV00231,Monthly retainer,0
TX000395,420.67,USD,2024-06-26,CP0045,U022,INV00115,One‑off service,0
TX000396,8807.04,GBP,2025-03-04,CP0155,U022,INV00073,Annual support,0
TX000397,4084.16,EUR,2025-04-18,CP0065,U012,INV00083,Services invoice,0
TX000398,-12918.64,EUR,2024-03-18,CP0007,U009,INV00155,Subscription renewal,0
TX000399,74.97,EUR,2024-11-29,CP0026,U019,INV00100,Subscription renewal,0
TX000400,-1716.4,EUR,2024-07-26,CP0145,U004,INV00036,Subscription renewal,0
TX000401,122.16,EUR,2025-01-02,CP0156,U015,INV00213,Reimbursement,0
TX000402,61.19,EUR,2024-11-30,CP0038,U016,INV00109,Subscription renewal,0
TX000403,-250.65,USD,2025-08-14,CP0108,U017,INV00066,One‑off service,0
TX000404,966.83,EUR,2025-07-14,CP0103,U005,INV00189,One‑off service,0
TX000405,-2624.36,EUR,2025-01-27,CP0024,U017,INV00193,Travel expenses,0
TX000406,-17552.64,EUR,2025-02-11,CP0081,U014,INV00040,Services invoice,0
TX000407,17020.72,EUR,2025-06-23,CP0124,U021,INV00019,Services invoice,0
TX000408,-181.29,EUR,2024-04-20,CP0174,U004,INV00011,Subscription renewal,0
TX000409,850.42,EUR,2025-03-11,CP0152,U014,INV00199,Travel expenses,0
TX000410,1826.4,EUR,2025-04-08,CP0017,U019,INV00162,Subscription renewal,0
TX000411,-746.02,USD,2024-03-17,CP0042,U006,INV00205,Travel expenses,0
TX000412,1165.96,EUR,2025-06-12,CP0078,U017,INV00162,Travel expenses,0
TX000413,-2029.63,USD,2025-02-23,CP0027,U002,INV00104,Monthly retainer,0
TX000414,1081.47,EUR,2024-07-27,CP0102,U017,INV00153,Consulting fee,0
TX000415,-1771.27,EUR,2024-10-17,CP0001,U014,INV00187,Travel expenses,0
TX000416,3411.27,EUR,2024-10-20,CP0020,U004,INV00103,Hardware purchase,0
TX000417,1293.77,EUR,2025-07-05,CP0008,U001,INV00237,Hardware purchase,0
TX000418,2915.21,EUR,2025-08-04,CP0053,U017,INV00233,Travel expenses,0
TX000419,17369.92,EUR,2025-04-29,CP0137,U005,INV00208,Services invoice,0
TX000420,260.69,EUR,2025-01-26,CP0031,U011,INV00257,Annual support,0
TX000421,177.44,EUR,2024-03-03,CP0177,U001,INV00101,Consulting fee,0
TX000422,499.68,USD,2025-07-02,CP0048,U023,INV00029,Consulting fee,0
TX000423,474.2,GBP,2024-03-21,CP0008,U013,INV00125,Hardware purchase,0
TX000424,1391.65,EUR,2024-04-10,CP0060,U022,INV00193,Consulting fee,0
TX000425,2237.57,EUR,2024-02-11,CP0134,U003,INV00202,Travel expenses,0
TX000426,-3006.19,USD,2025-07-22,CP0019,U004,INV00101,Travel expenses,0
TX000427,1869.81,EUR,2024-10-22,CP0012,U014,INV00076,Services invoice,0
TX000428,965.18,EUR,2024-05-21,CP0152,U014,INV00115,Monthly retainer,0
TX000429,-7989.52,EUR,2024-02-18,CP0106,U018,INV00209,Subscription renewal,0
TX000430,-1584.71,EUR,2024-09-04,CP0061,U022,INV00015,Subscription renewal,0
TX000431,1530.92,EUR,2025-03-10,CP0136,U019,INV00085,Subscription renewal,0
TX000432,-1719.51,EUR,2025-08-19,CP0151,U003,INV00059,Services invoice,0
TX000433,4027.49,EUR,2024-11-27,CP0064,U007,INV00209,Office supplies,0
TX000434,2988.72,EUR,2024-12-30,CP0101,U021,INV00122,Hardware purchase,0
TX000435,-2442.07,EUR,2025-05-16,CP0001,U013,INV00022,Subscription renewal,0
TX000436,345.51,EUR,2025-06-25,CP0055,U020,INV00068,Monthly retainer,0
TX000437,-884.41,EUR,2024-06-16,CP0107,U013,INV00011,Consulting fee,0
TX000438,1386.19,GBP,2025-08-18,CP0035,U001,INV00123,One‑off service,0
TX000439,569.51,USD,2024-11-07,CP0178,U011,INV00259,Annual support,0
TX000440,-2100.56,EUR,2025-07-12,CP0174,U019,INV00147,One‑off service,0
TX000441,1928.29,EUR,2024-03-11,CP0046,U015,INV00226,Consulting fee,0
TX000442,-194.03,EUR,2024-02-28,CP0071,U003,INV00193,Monthly retainer,0
TX000443,2936.18,EUR,2025-06-14,CP0034,U005,INV00229,Monthly retainer,0
TX000444,1622.77,EUR,2025-02-07,CP0090,U020,INV00080,Hardware purchase,0
TX000445,574.89,EUR,2024-04-15,CP0022,U023,INV00247,Monthly retainer,0
TX000446,1438.39,EUR,2025-06-20,CP0070,U018,INV00062,Consulting fee,0
TX000447,1837.45,EUR,2024-03-02,CP0099,U002,INV00113,Monthly retainer,0
TX000448,2667.35,USD,2025-02-13,CP0110,U014,INV00177,Hardware purchase,0
TX000449,1095.03,EUR,2024-05-03,CP0107,U019,INV00074,Consulting fee,0
TX000450,2493.53,EUR,2024-02-12,CP0039,U015,INV00068,Annual support,0
TX000451,1724.57,EUR,2025-04-28,CP0142,U014,INV00033,Office supplies,0
TX000452,78.07,EUR,2025-05-23,CP0124,U011,INV00001,Monthly retainer,0
TX000453,-198.2,EUR,2024-03-04,CP0135,U005,INV00130,Subscription renewal,0
TX000454,2847.07,EUR,2024-02-25,CP0084,U006,INV00256,Travel expenses,0
TX000455,-2935.18,EUR,2025-01-03,CP0160,U017,INV00057,Reimbursement,0
TX000456,1887.49,EUR,2024-01-18,CP0070,U001,INV00114,Reimbursement,0
TX000457,-3294.85,EUR,2025-03-23,CP0145,U002,INV00243,One‑off service,0
TX000458,2767.93,EUR,2025-07-03,CP0036,U009,INV00200,Consulting fee,0
TX000459,2320.35,EUR,2025-03-26,CP0044,U018,INV00001,Services invoice,0
TX000460,406.43,EUR,2024-05-18,CP0094,U015,INV00130,Consulting fee,0
TX000461,-3577.71,EUR,2024-04-24,CP0100,U014,INV00037,Monthly retainer,0
TX000462,17148.48,EUR,2025-02-12,CP0134,U012,INV00064,Hardware purchase,0
TX000463,1036.99,EUR,2024-02-06,CP0053,U002,INV00064,Reimbursement,0
TX000464,698.08,EUR,2024-11-18,CP0157,U007,INV00159,Services invoice,0
TX000465,1808.14,EUR,2024-09-26,CP0059,U001,INV00051,Reimbursement,0
TX000466,-505.27,EUR,2025-03-22,CP0096,U018,INV00065,Monthly retainer,0
TX000467,2339.61,GBP,2024-05-01,CP0167,U018,INV00058,Office supplies,0
TX000468,355.72,EUR,2025-04-02,CP0097,U006,INV00092,Hardware purchase,0
TX000469,-1944.73,USD,2025-02-23,CP0122,U007,INV00170,Services invoice,0
TX000470,-874.06,EUR,2024-05-23,CP0163,U007,INV00103,Subscription renewal,0
TX000471,1182.7,EUR,2024-08-02,CP0175,U021,INV00085,Monthly retainer,0
TX000472,591.71,USD,2024-02-09,CP0089,U011,INV00134,Services invoice,0
TX000473,1306.52,EUR,2024-09-26,CP0075,U018,INV00159,Travel expenses,0
TX000474,3767.26,EUR,2024-06-05,CP0035,U010,INV00003,Reimbursement,0
TX000475,3162.07,GBP,2024-03-09,CP0096,U016,INV00231,Reimbursement,0
TX000476,-1925.37,EUR,2024-12-01,CP0165,U012,INV00238,Hardware purchase,0
TX000477,11757.2,EUR,2024-12-06,CP0087,U006,INV00156,Consulting fee,0
TX000478,2513.04,EUR,2024-02-21,CP0062,U021,INV00149,Annual support,0
TX000479,2855.96,EUR,2024-04-21,CP0019,U017,INV00180,Travel expenses,0
TX000480,504.22,EUR,2024-02-19,CP0070,U018,INV00114,Subscription renewal,0
TX000481,1407.07,EUR,2025-02-11,CP0042,U022,INV00095,Office supplies,0
TX000482,-686.35,USD,2024-07-21,CP0175,U005,INV00091,Annual support,0
TX000483,2847.72,EUR,2024-02-12,CP0094,U002,INV00041,Consulting fee,0
TX000484,3978.03,EUR,2024-04-24,CP0024,U013,INV00218,Office supplies,0
TX000485,12768.8,EUR,2025-08-08,CP0012,U007,INV00083,Travel expenses,0
TX000486,1050.01,EUR,2024-06-02,CP0153,U010,INV00073,One‑off service,0
TX000487,2230.67,USD,2025-02-14,CP0167,U005,INV00250,Travel expenses,0
TX000488,-415.09,EUR,2024-10-08,CP0137,U009,INV00131,Consulting fee,0
TX000489,703.98,EUR,2024-04-19,CP0022,U009,INV00161,Monthly retainer,0
TX000490,2251.89,USD,2024-07-03,CP0017,U008,INV00063,One‑off service,0
TX000491,1805.46,USD,2024-01-09,CP0035,U017,INV00072,Consulting fee,0
TX000492,-914.27,USD,2025-03-24,CP0135,U014,INV00189,Annual support,0
TX000493,720.47,EUR,2024-07-19,CP0137,U011,INV00117,Office supplies,0
TX000494,1651.0,EUR,2024-10-26,CP0150,U002,INV00038,Monthly retainer,0
TX000495,-1008.64,EUR,2024-04-01,CP0017,U013,INV00217,Office supplies,0
TX000496,168.92,EUR,2025-05-09,CP0027,U004,INV00104,Consulting fee,0
TX000497,1100.92,USD,2024-05-11,CP0162,U007,INV00173,Services invoice,0
TX000498,1907.51,EUR,2024-12-05,CP0167,U009,INV00088,Services invoice,0
TX000499,-1286.28,EUR,2025-06-07,CP0130,U003,INV00145,Office supplies,0
TX000500,-196.21,USD,2025-03-03,CP0019,U009,INV00201,Monthly retainer,0
TX000501,2686.88,GBP,2024-12-27,CP0012,U006,INV00230,Office supplies,0
TX000502,-1786.57,EUR,2025-06-16,CP0010,U020,INV00053,One‑off service,0
TX000503,-964.36,USD,2024-04-15,CP0124,U020,INV00174,Monthly retainer,0
TX000504,755.76,EUR,2025-08-01,CP0152,U000,INV00237,Monthly retainer,0
TX000505,1677.81,EUR,2024-11-29,CP0113,U014,INV00167,Monthly retainer,0
TX000506,-2173.99,EUR,2024-09-02,CP0047,U015,INV00037,Annual support,0
TX000507,-2852.12,GBP,2024-06-02,CP0136,U009,INV00049,One‑off service,0
TX000508,-645.11,USD,2025-03-22,CP0010,U011,INV00052,Subscription renewal,0
TX000509,2203.9,EUR,2025-08-08,CP0149,U018,INV00027,Monthly retainer,0
TX000510,-1734.98,EUR,2025-02-18,CP0160,U009,INV00195,Consulting fee,0
TX000511,-553.85,EUR,2024-01-20,CP0129,U001,INV00250,Monthly retainer,0
TX000512,3780.65,EUR,2024-10-08,CP0158,U008,INV00134,Reimbursement,0
TX000513,-226.53,USD,2025-03-15,CP0105,U006,INV00155,Reimbursement,0
TX000514,2003.4,EUR,2024-08-26,CP0084,U009,INV00201,Office supplies,0
TX000515,1967.95,EUR,2025-04-08,CP0058,U005,INV00108,Subscription renewal,0
TX000516,-1830.76,EUR,2025-02-28,CP0165,U003,INV00122,One‑off service,0
TX000517,906.51,EUR,2024-02-10,CP0125,U023,INV00153,Monthly retainer,0
TX000518,-2492.7,EUR,2024-11-30,CP0034,U003,INV00079,Services invoice,0
TX000519,372.44,GBP,2024-04-13,CP0172,U016,INV00016,Services invoice,0
TX000520,1421.01,EUR,2024-10-18,CP0010,U017,INV00147,Services invoice,0
TX000521,-823.35,EUR,2024-08-18,CP0105,U014,INV00213,Reimbursement,0
TX000522,-687.24,EUR,2025-04-29,CP0034,U021,INV00019,Office supplies,0
TX000523,2014.5,USD,2025-06-04,CP0119,U000,INV00056,Annual support,0
TX000524,-2792.97,USD,2024-10-03,CP0074,U007,INV00068,Subscription renewal,0
TX000525,-1088.09,USD,2024-11-18,CP0078,U004,INV00209,Annual support,0
TX000526,2436.82,EUR,2025-01-10,CP0120,U013,INV00131,Services invoice,0
TX000527,1559.69,USD,2025-01-28,CP0136,U015,INV00138,Hardware purchase,0
TX000528,428.72,EUR,2025-01-16,CP0068,U021,INV00167,Reimbursement,0
TX000529,-1190.46,EUR,2025-04-14,CP0179,U009,INV00071,Annual support,0
TX000530,1140.62,EUR,2025-08-12,CP0089,U005,INV00185,Subscription renewal,0
TX000531,664.01,EUR,2025-05-11,CP0028,U022,INV00007,Reimbursement,0
TX000532,-16113.44,GBP,2024-03-21,CP0001,U016,INV00029,Hardware purchase,0
TX000533,-1781.58,GBP,2024-10-12,CP0036,U018,INV00212,Monthly retainer,0
TX000534,408.78,EUR,2024-10-03,CP0124,U010,INV00171,Monthly retainer,0
TX000535,-481.83,EUR,2024-11-01,CP0097,U010,INV00045,Office supplies,0
TX000536,-2009.62,USD,2024-11-13,CP0060,U009,INV00114,Travel expenses,0
TX000537,521.66,GBP,2025-03-06,CP0086,U017,INV00013,Office supplies,0
TX000538,1862.45,EUR,2024-09-09,CP0150,U005,INV00174,Monthly retainer,0
TX000539,-2437.12,EUR,2024-06-07,CP0102,U023,INV00196,Consulting fee,0
TX000540,-25.14,EUR,2024-10-01,CP0010,U004,INV00072,Hardware purchase,0
TX000541,193.84,USD,2025-05-27,CP0008,U011,INV00091,Reimbursement,0
TX000542,-3509.32,EUR,2024-07-05,CP0086,U007,INV00061,Office supplies,0
TX000543,1921.88,EUR,2024-01-13,CP0072,U015,INV00101,Services invoice,0
TX000544,996.91,EUR,2025-08-08,CP0153,U016,INV00070,Office supplies,0
TX000545,379.27,EUR,2024-04-27,CP0104,U022,INV00064,Services invoice,0
TX000546,887.47,EUR,2024-12-27,CP0136,U018,INV00111,Travel expenses,0
TX000547,-71.31,USD,2025-04-25,CP0105,U005,INV00223,Consulting fee,0
TX000548,2560.09,EUR,2024-06-13,CP0062,U004,INV00198,Reimbursement,0
TX000549,-567.9,EUR,2024-07-23,CP0118,U021,INV00077,Hardware purchase,0
TX000550,2812.24,EUR,2024-06-17,CP0111,U011,INV00245,Travel expenses,0
TX000551,1019.25,USD,2024-03-30,CP0129,U002,INV00054,Subscription renewal,0
TX000552,-247.98,EUR,2024-04-01,CP0034,U019,INV00236,Office supplies,0
TX000553,988.44,EUR,2024-04-22,CP0115,U015,INV00080,Annual support,0
TX000554,-1649.0,EUR,2024-10-01,CP0051,U000,INV00140,One‑off service,0
TX000555,1355.08,EUR,2024-11-14,CP0142,U018,INV00052,Monthly retainer,0
TX000556,-1295.86,EUR,2024-01-10,CP0143,U014,INV00198,Annual support,0
TX000557,-19917.52,EUR,2025-05-22,CP0112,U014,INV00082,Services invoice,0
TX000558,763.57,USD,2025-02-09,CP0170,U020,INV00226,Office supplies,0
TX000559,2894.24,USD,2024-02-12,CP0096,U011,INV00021,Subscription renewal,0
TX000560,19877.76,EUR,2025-05-20,CP0004,U011,INV00130,One‑off service,0
TX000561,-3002.45,USD,2024-01-19,CP0109,U014,INV00041,Consulting fee,0
TX000562,1436.73,EUR,2024-12-02,CP0139,U004,INV00231,One‑off service,0
TX000563,2716.68,EUR,2024-10-06,CP0018,U003,INV00108,Office supplies,0
TX000564,265.49,USD,2024-10-28,CP0018,U020,INV00175,Hardware purchase,0
TX000565,2355.66,EUR,2025-07-27,CP0049,U005,INV00228,Services invoice,0
TX000566,4596.8,EUR,2025-07-10,CP0151,U012,INV00139,Subscription renewal,0
TX000567,-481.68,EUR,2024-06-16,CP0094,U006,INV00014,Subscription renewal,0
TX000568,151.03,EUR,2024-12-13,CP0175,U005,INV00057,One‑off service,0
TX000569,-1506.64,USD,2025-07-29,CP0157,U014,INV00055,Reimbursement,0
TX000570,510.84,EUR,2025-03-13,CP0099,U019,INV00237,Reimbursement,0
TX000571,1951.29,EUR,2025-06-16,CP0122,U010,INV00236,One‑off service,0
TX000572,-669.89,EUR,2024-09-17,CP0059,U003,INV00124,Monthly retainer,0
TX000573,-1052.52,USD,2024-06-18,CP0016,U005,INV00231,One‑off service,0
TX000574,3146.86,EUR,2024-11-02,CP0071,U003,INV00063,Office supplies,0
TX000575,2584.56,EUR,2025-05-05,CP0106,U021,INV00176,Office supplies,0
TX000576,-240.84,EUR,2025-07-11,CP0032,U007,INV00101,Consulting fee,0
TX000577,-1496.4,EUR,2025-02-15,CP0039,U008,INV00062,Subscription renewal,0
TX000578,2723.41,EUR,2025-02-27,CP0002,U001,INV00065,Annual support,0
TX000579,2003.04,EUR,2024-11-03,CP0132,U010,INV00109,Monthly retainer,0
TX000580,1677.87,EUR,2024-07-10,CP0161,U021,INV00088,Travel expenses,0
TX000581,2814.18,EUR,2024-09-10,CP0148,U009,INV00054,One‑off service,0
TX000582,-4985.2,USD,2024-10-25,CP0068,U015,INV00086,Monthly retainer,1
TX000583,-1537.41,EUR,2025-05-04,CP0106,U004,INV00033,Annual support,0
TX000584,11828.64,EUR,2024-11-29,CP0172,U003,INV00252,Services invoice,0
TX000585,-1172.69,EUR,2025-04-20,CP0106,U017,INV00098,Travel expenses,0
TX000586,1032.23,EUR,2024-01-17,CP0053,U001,INV00027,One‑off service,0
TX000587,1587.44,EUR,2025-03-30,CP0060,U010,INV00149,Consulting fee,0
TX000588,12330.32,EUR,2024-10-31,CP0130,U007,INV00229,Monthly retainer,0
TX000589,241.89,EUR,2025-08-21,CP0080,U000,INV00093,Monthly retainer,0
TX000590,2462.16,EUR,2024-10-10,CP0150,U012,INV00219,Annual support,0
TX000591,328.34,EUR,2024-10-14,CP0155,U023,INV00158,Subscription renewal,0
TX000592,-1238.12,EUR,2024-03-17,CP0006,U001,INV00192,Services invoice,0
TX000593,1145.66,GBP,2025-04-29,CP0130,U019,INV00077,Subscription renewal,0
TX000594,1929.72,EUR,2025-02-24,CP0066,U012,INV00009,Consulting fee,0
TX000595,1042.92,USD,2025-06-01,CP0093,U017,INV00089,Monthly retainer,0
TX000596,2569.09,EUR,2024-02-25,CP0047,U002,INV00240,Travel expenses,0
TX000597,687.61,EUR,2024-05-06,CP0066,U020,INV00205,Subscription renewal,0
TX000598,-2963.96,EUR,2025-06-10,CP0059,U000,INV00203,Services invoice,0
TX000599,926.2,EUR,2024-01-26,CP0009,U021,INV00228,Subscription renewal,0
TX000600,1441.39,EUR,2024-10-31,CP0140,U015,INV00097,Office supplies,0
TX000601,3796.54,EUR,2024-08-30,CP0025,U008,INV00083,Reimbursement,0
TX000602,1167.19,GBP,2025-07-17,CP0067,U000,INV00240,Office supplies,0
TX000603,2986.62,EUR,2025-05-29,CP0034,U014,INV00148,Consulting fee,0
TX000604,12374.8,USD,2025-06-22,CP0028,U002,INV00077,Monthly retainer,0
TX000605,1998.5,EUR,2024-06-22,CP0067,U014,INV00072,One‑off service,0
TX000606,-1583.95,EUR,2024-12-18,CP0165,U018,INV00228,Reimbursement,0
TX000607,-2517.42,EUR,2025-02-24,CP0169,U006,INV00013,Travel expenses,0
TX000608,677.36,EUR,2025-08-03,CP0068,U005,INV00016,Annual support,0
TX000609,319.14,GBP,2024-01-05,CP0090,U005,INV00191,Monthly retainer,0
TX000610,-733.71,USD,2025-08-09,CP0177,U005,INV00000,Annual support,0
TX000611,-1619.65,GBP,2024-08-01,CP0042,U002,INV00044,Reimbursement,0
TX000612,9880.16,GBP,2024-03-17,CP0170,U005,INV00257,Travel expenses,1
TX000613,2352.33,EUR,2025-01-04,CP0019,U015,INV00110,Consulting fee,0
TX000614,3065.68,EUR,2025-04-13,CP0040,U007,INV00189,Annual support,0
TX000615,2631.92,USD,2024-03-18,CP0060,U018,INV00126,Hardware purchase,0
TX000616,619.26,EUR,2024-01-25,CP0006,U019,INV00023,Hardware purchase,0
TX000617,-223.49,USD,2025-06-21,CP0146,U018,INV00047,Consulting fee,0
TX000618,-3936.45,EUR,2025-07-14,CP0153,U012,INV00197,Hardware purchase,0
TX000619,1865.6,EUR,2024-04-03,CP0069,U007,INV00024,Services invoice,0
TX000620,-2075.76,EUR,2025-06-26,CP0150,U022,INV00154,Office supplies,0
TX000621,-866.0,EUR,2025-06-29,CP0139,U004,INV00090,One‑off service,0
TX000622,-1498.6,EUR,2025-08-21,CP0144,U011,INV00096,Office supplies,0
TX000623,2111.1,EUR,2024-05-09,CP0144,U010,INV00247,Reimbursement,0
TX000624,1196.69,EUR,2024-12-13,CP0103,U017,INV00157,One‑off service,0
TX000625,-2790.85,EUR,2025-08-19,CP0019,U013,INV00159,Consulting fee,0
TX000626,4274.2,EUR,2025-06-25,CP0166,U019,INV00091,Hardware purchase,0
TX000627,-363.52,EUR,2024-12-28,CP0109,U022,INV00099,Annual support,0
TX000628,273.5,EUR,2024-04-28,CP0162,U009,INV00178,Travel expenses,0
TX000629,446.69,USD,2024-02-20,CP0172,U020,INV00010,Reimbursement,0
TX000630,3427.44,EUR,2024-06-04,CP0033,U004,INV00061,Office supplies,0
TX000631,2750.83,EUR,2024-02-09,CP0072,U021,INV00156,Annual support,0
TX000632,1337.37,EUR,2024-04-27,CP0034,U004,INV00162,Services invoice,0
TX000633,-1543.87,EUR,2024-02-14,CP0009,U020,INV00023,Hardware purchase,0
TX000634,520.15,EUR,2025-04-02,CP0173,U009,INV00204,Travel expenses,0
TX000635,2568.03,EUR,2024-12-19,CP0166,U023,INV00141,Monthly retainer,0
TX000636,1044.12,EUR,2024-11-06,CP0167,U003,INV00061,Office supplies,0
TX000637,-1187.91,EUR,2025-04-30,CP0159,U011,INV00195,Consulting fee,0
TX000638,2230.55,EUR,2024-09-03,CP0116,U021,INV00257,Services invoice,0
TX000639,-1274.41,EUR,2024-08-29,CP0093,U001,INV00110,Travel expenses,0
TX000640,1218.04,EUR,2024-05-04,CP0178,U006,INV00073,Reimbursement,0
TX000641,1512.69,EUR,2024-09-23,CP0099,U002,INV00077,Reimbursement,0
TX000642,2454.43,EUR,2024-04-14,CP0115,U007,INV00154,Services invoice,0
TX000643,-3475.79,EUR,2024-12-19,CP0038,U009,INV00012,Office supplies,0
TX000644,-2202.58,EUR,2025-08-21,CP0134,U014,INV00125,Subscription renewal,0
TX000645,2463.98,EUR,2024-11-15,CP0147,U006,INV00006,Office supplies,0
TX000646,-1260.18,EUR,2024-06-28,CP0122,U003,INV00010,Services invoice,0
TX000647,650.64,EUR,2025-02-16,CP0089,U004,INV00111,One‑off service,0
TX000648,2284.78,EUR,2025-05-07,CP0035,U022,INV00193,Hardware purchase,0
TX000649,1705.49,USD,2024-10-10,CP0006,U022,INV00229,Services invoice,0
TX000650,207.15,EUR,2024-05-30,CP0112,U005,INV00022,Monthly retainer,0
TX000651,-1106.32,EUR,2025-03-04,CP0122,U004,INV00063,One‑off service,0
TX000652,1400.52,EUR,2024-04-22,CP0139,U001,INV00109,Monthly retainer,0
TX000653,887.45,USD,2025-08-21,CP0171,U023,INV00149,Travel expenses,0
TX000654,-3278.08,EUR,2024-07-09,CP0089,U016,INV00256,Hardware purchase,0
TX000655,-2075.81,EUR,2024-07-29,CP0149,U018,INV00177,Services invoice,0
TX000656,-25182.48,USD,2025-03-12,CP0128,U006,INV00139,Office supplies,1
TX000657,1816.11,EUR,2024-01-08,CP0049,U015,INV00015,One‑off service,0
TX000658,-1597.67,EUR,2024-05-01,CP0152,U001,INV00021,Monthly retainer,0
TX000659,-376.08,EUR,2024-03-16,CP0009,U016,INV00039,Hardware purchase,0
TX000660,1514.32,EUR,2024-08-22,CP0107,U013,INV00171,Services invoice,0
TX000661,-1515.66,EUR,2024-11-28,CP0169,U007,INV00086,Subscription renewal,0
TX000662,140.54,EUR,2024-04-17,CP0118,U017,INV00062,Monthly retainer,0
TX000663,852.57,EUR,2024-07-25,CP0168,U015,INV00174,Hardware purchase,0
TX000664,1112.06,EUR,2025-04-08,CP0010,U010,INV00211,Consulting fee,0
TX000665,-1996.18,EUR,2025-07-17,CP0095,U004,INV00114,Reimbursement,0
TX000666,2053.62,USD,2024-01-09,CP0140,U000,INV00229,Monthly retainer,1
TX000667,-802.42,EUR,2025-01-11,CP0115,U022,INV00190,Travel expenses,0
TX000668,-2062.64,EUR,2024-01-16,CP0158,U006,INV00186,Office supplies,0
TX000669,1281.51,EUR,2024-11-08,CP0083,U007,INV00225,Hardware purchase,0
TX000670,-1943.54,EUR,2025-06-11,CP0122,U016,INV00047,Office supplies,0
TX000671,918.36,EUR,2025-04-23,CP0075,U006,INV00197,Monthly retainer,0
TX000672,2794.79,EUR,2024-05-19,CP0156,U009,INV00249,Annual support,0
TX000673,518.17,EUR,2024-06-04,CP0021,U017,INV00257,Services invoice,0
TX000674,1635.23,USD,2025-04-15,CP0045,U014,INV00150,Services invoice,0
TX000675,3402.31,USD,2025-05-06,CP0017,U015,INV00196,Hardware purchase,0
TX000676,-587.26,EUR,2024-06-17,CP0126,U000,INV00231,One‑off service,0
TX000677,1502.58,EUR,2024-01-02,CP0041,U010,INV00221,Travel expenses,0
TX000678,64.82,EUR,2024-09-23,CP0057,U011,INV00233,Office supplies,0
TX000679,3452.68,EUR,2025-01-06,CP0150,U015,INV00216,Services invoice,0
TX000680,1400.0,EUR,2024-09-23,CP0064,U003,INV00099,Monthly retainer,0
TX000681,-1555.95,USD,2025-07-14,CP0026,U003,INV00189,Monthly retainer,0
TX000682,3125.16,USD,2025-05-03,CP0003,U018,INV00106,Consulting fee,0
TX000683,-2293.77,EUR,2025-04-17,CP0040,U016,INV00208,Reimbursement,0
TX000684,449.25,USD,2024-01-13,CP0164,U019,INV00210,Annual support,0
TX000685,-723.27,USD,2025-05-27,CP0098,U006,INV00243,Annual support,0
TX000686,-2093.92,EUR,2025-03-29,CP0179,U023,INV00152,Reimbursement,0
TX000687,751.05,USD,2024-08-26,CP0038,U006,INV00123,Consulting fee,0
TX000688,-1040.69,EUR,2024-12-19,CP0063,U015,INV00043,Reimbursement,0
TX000689,-1436.11,EUR,2025-05-09,CP0029,U003,INV00165,Office supplies,0
TX000690,-276.26,EUR,2025-06-27,CP0071,U022,INV00147,Office supplies,0
TX000691,-3439.54,EUR,2024-11-26,CP0101,U007,INV00133,Office supplies,0
TX000692,1712.15,EUR,2024-01-25,CP0145,U019,INV00175,Monthly retainer,0
TX000693,413.79,USD,2025-01-06,CP0066,U007,INV00221,Reimbursement,0
TX000694,-661.64,EUR,2025-02-12,CP0138,U018,INV00038,Subscription renewal,0
TX000695,-767.28,EUR,2024-02-05,CP0112,U010,INV00112,Reimbursement,0
TX000696,180.65,EUR,2025-05-05,CP0052,U001,INV00187,Hardware purchase,0
TX000697,21756.72,EUR,2024-04-30,CP0164,U004,INV00213,Hardware purchase,0
TX000698,4178.14,EUR,2025-06-18,CP0078,U016,INV00202,Monthly retainer,0
TX000699,2371.68,EUR,2024-11-26,CP0027,U004,INV00207,Annual support,0
TX000700,1389.55,GBP,2024-07-12,CP0173,U006,INV00222,Monthly retainer,0
TX000701,981.65,EUR,2024-02-05,CP0164,U013,INV00250,Travel expenses,0
TX000702,352.21,EUR,2024-01-11,CP0008,U006,INV00158,Reimbursement,0
TX000703,3971.72,EUR,2025-03-20,CP0162,U003,INV00064,Monthly retainer,0
TX000704,1273.5,EUR,2024-08-14,CP0170,U014,INV00146,One‑off service,0
TX000705,4038.76,GBP,2025-05-19,CP0149,U016,INV00184,Annual support,0
TX000706,3172.22,EUR,2024-05-18,CP0045,U017,INV00026,One‑off service,0
TX000707,-588.96,EUR,2025-07-06,CP0113,U022,INV00196,Subscription renewal,0
TX000708,700.86,EUR,2025-07-18,CP0096,U002,INV00141,Subscription renewal,0
TX000709,697.15,USD,2024-03-02,CP0111,U010,INV00243,Annual support,0
TX000710,1404.18,EUR,2025-01-23,CP0110,U005,INV00055,Travel expenses,0
TX000711,1427.62,EUR,2025-07-17,CP0115,U021,INV00235,Office supplies,0
TX000712,5095.49,EUR,2024-07-12,CP0092,U012,INV00116,Consulting fee,0
TX000713,207.33,EUR,2024-02-10,CP0124,U002,INV00149,Hardware purchase,0
TX000714,1774.76,EUR,2025-06-09,CP0094,U016,INV00171,Reimbursement,0
TX000715,-2239.81,EUR,2024-10-11,CP0002,U001,INV00150,Consulting fee,0
TX000716,1498.11,EUR,2024-01-17,CP0006,U006,INV00234,Monthly retainer,0
TX000717,-1632.22,GBP,2025-05-19,CP0172,U017,INV00043,One‑off service,0
TX000718,-246.23,EUR,2025-02-11,CP0163,U012,INV00189,Subscription renewal,0
TX000719,1627.78,USD,2024-02-12,CP0105,U018,INV00253,Consulting fee,0
TX000720,2113.68,EUR,2024-06-04,CP0031,U013,INV00057,Consulting fee,0
TX000721,1893.12,EUR,2024-01-11,CP0140,U020,INV00066,One‑off service,0
TX000722,-2184.24,EUR,2025-07-26,CP0025,U013,INV00123,Consulting fee,0
TX000723,3195.13,EUR,2024-01-15,CP0067,U001,INV00188,Office supplies,0
TX000724,2624.36,EUR,2025-04-22,CP0059,U001,INV00249,Travel expenses,0
TX000725,1585.55,EUR,2024-11-02,CP0002,U018,INV00206,Services invoice,0
TX000726,93.89,EUR,2024-12-15,CP0145,U000,INV00206,Annual support,0
TX000727,-779.99,EUR,2025-05-01,CP0091,U009,INV00114,Hardware purchase,0
TX000728,-1236.44,EUR,2025-06-20,CP0056,U000,INV00167,Services invoice,0
TX000729,-1802.81,USD,2024-03-17,CP0091,U007,INV00054,Office supplies,0
TX000730,-926.0,EUR,2024-01-11,CP0000,U014,INV00120,Annual support,0
TX000731,377.12,EUR,2024-03-15,CP0078,U004,INV00049,Subscription renewal,0
TX000732,-74.16,EUR,2025-02-13,CP0093,U011,INV00007,Annual support,0
TX000733,481.41,USD,2024-12-07,CP0061,U023,INV00222,Monthly retainer,0
TX000734,-1218.06,EUR,2024-02-20,CP0149,U001,INV00209,One‑off service,0
TX000735,263.6,EUR,2024-05-20,CP0044,U001,INV00132,Consulting fee,0
TX000736,299.37,EUR,2024-11-18,CP0024,U006,INV00003,Monthly retainer,0
TX000737,-1027.32,EUR,2025-03-14,CP0094,U019,INV00023,Travel expenses,0
TX000738,-103.1,EUR,2024-07-25,CP0159,U009,INV00029,Hardware purchase,0
TX000739,-1955.7,EUR,2025-07-23,CP0067,U015,INV00186,Consulting fee,0
TX000740,-19106.16,USD,2025-08-18,CP0008,U000,INV00052,Consulting fee,1
TX000741,-6725.52,EUR,2025-04-04,CP0174,U017,INV00065,Monthly retainer,0
TX000742,975.57,EUR,2024-09-29,CP0079,U001,INV00223,One‑off service,0
TX000743,-2144.92,EUR,2025-06-10,CP0031,U017,INV00227,Travel expenses,0
TX000744,643.21,EUR,2025-03-12,CP0110,U003,INV00198,Subscription renewal,0
TX000745,-560.72,EUR,2024-11-07,CP0057,U020,INV00080,Consulting fee,0
TX000746,2935.8,EUR,2024-09-23,CP0168,U007,INV00150,Travel expenses,0
TX000747,-2561.03,EUR,2025-05-14,CP0052,U004,INV00052,One‑off service,0
TX000748,2221.86,EUR,2024-11-30,CP0099,U008,INV00223,Services invoice,0
TX000749,2610.77,EUR,2024-04-19,CP0097,U000,INV00022,Subscription renewal,0
TX000750,872.73,GBP,2025-08-22,CP0043,U003,INV00193,Hardware purchase,0
TX000751,-3124.6,EUR,2024-02-11,CP0089,U014,INV00132,Subscription renewal,0
TX000752,1970.47,EUR,2025-02-21,CP0019,U007,INV00196,Office supplies,0
TX000753,-2712.94,EUR,2025-01-28,CP0115,U008,INV00117,Travel expenses,0
TX000754,-1964.59,EUR,2024-12-17,CP0136,U019,INV00041,Services invoice,0
TX000755,1558.71,EUR,2024-02-01,CP0171,U002,INV00195,Travel expenses,0
TX000756,-1169.63,GBP,2024-10-22,CP0058,U009,INV00164,Travel expenses,0
TX000757,1940.57,EUR,2025-06-19,CP0051,U004,INV00120,Subscription renewal,0
TX000758,1125.9,EUR,2024-05-23,CP0098,U011,INV00096,One‑off service,0
TX000759,2541.45,EUR,2025-02-18,CP0124,U007,INV00089,Consulting fee,0
TX000760,403.75,USD,2025-05-30,CP0178,U001,INV00125,Reimbursement,0
TX000761,850.11,EUR,2025-07-25,CP0004,U001,INV00068,Reimbursement,0
TX000762,3953.79,GBP,2024-11-05,CP0042,U020,INV00073,Reimbursement,1
TX000763,-748.7,EUR,2024-07-07,CP0047,U001,INV00072,Monthly retainer,0
TX000764,1213.58,EUR,2025-02-23,CP0045,U018,INV00003,Monthly retainer,0
TX000765,440.9,EUR,2024-10-18,CP0083,U021,INV00241,Annual support,0
TX000766,1903.01,EUR,2025-01-11,CP0157,U011,INV00061,Services invoice,0
TX000767,-616.48,EUR,2025-03-21,CP0005,U007,INV00042,Consulting fee,0
TX000768,-1277.27,EUR,2025-03-02,CP0146,U018,INV00039,Office supplies,0
TX000769,2518.64,EUR,2024-05-25,CP0111,U023,INV00256,Office supplies,0
TX000770,661.48,EUR,2025-03-29,CP0110,U002,INV00123,Reimbursement,0
TX000771,2446.33,EUR,2024-11-21,CP0122,U023,INV00084,Annual support,0
TX000772,-2486.68,USD,2025-07-12,CP0020,U022,INV00105,Hardware purchase,0
TX000773,2765.95,EUR,2025-01-30,CP0134,U003,INV00022,Consulting fee,0
TX000774,-1668.65,EUR,2025-06-19,CP0044,U001,INV00081,Hardware purchase,0
TX000775,-5389.51,EUR,2025-08-10,CP0092,U017,INV00064,Travel expenses,0
TX000776,2765.44,EUR,2025-08-19,CP0121,U001,INV00208,Monthly retainer,0
TX000777,-1889.85,EUR,2025-03-22,CP0108,U014,INV00015,Subscription renewal,0
TX000778,-3591.12,EUR,2024-12-24,CP0058,U001,INV00110,Office supplies,1
TX000779,-1383.53,EUR,2024-03-11,CP0071,U016,INV00205,Services invoice,0
TX000780,25692.72,EUR,2024-08-19,CP0085,U005,INV00216,Office supplies,0
TX000781,-3551.44,EUR,2024-10-12,CP0007,U002,INV00133,Reimbursement,0
TX000782,3273.99,EUR,2025-04-13,CP0130,U001,INV00057,Travel expenses,0
TX000783,2442.23,USD,2024-12-19,CP0017,U004,INV00087,Hardware purchase,0
TX000784,-6.79,EUR,2024-09-20,CP0082,U012,INV00057,Travel expenses,0
TX000785,2084.59,EUR,2024-03-28,CP0117,U001,INV00172,Hardware purchase,0
TX000786,10.32,EUR,2025-03-05,CP0014,U019,INV00076,Hardware purchase,0
TX000787,-284.97,EUR,2024-09-16,CP0179,U014,INV00163,Travel expenses,0
TX000788,1786.99,EUR,2024-01-22,CP0067,U007,INV00170,Travel expenses,0
TX000789,2127.84,EUR,2024-06-19,CP0002,U023,INV00244,Services invoice,0
TX000790,2584.05,USD,2025-06-11,CP0118,U015,INV00096,Monthly retainer,0
TX000791,2096.56,EUR,2024-03-12,CP0100,U016,INV00249,Consulting fee,0
TX000792,-2137.9,EUR,2024-08-31,CP0115,U004,INV00104,Subscription renewal,0
TX000793,318.42,EUR,2024-11-03,CP0135,U017,INV00176,Annual support,0
TX000794,-1374.03,EUR,2024-02-20,CP0085,U013,INV00172,Monthly retainer,0
TX000795,-2468.32,EUR,2024-04-09,CP0148,U023,INV00212,Subscription renewal,0
TX000796,904.04,EUR,2025-07-18,CP0066,U011,INV00121,Consulting fee,0
TX000797,2388.77,EUR,2024-12-20,CP0098,U016,INV00206,Travel expenses,0
TX000798,596.25,EUR,2024-05-06,CP0028,U008,INV00092,Monthly retainer,0
TX000799,2547.0,EUR,2024-04-11,CP0111,U000,INV00127,Reimbursement,0
TX000800,-2830.02,EUR,2024-09-12,CP0047,U003,INV00129,Annual support,0
TX000801,756.82,EUR,2025-03-10,CP0125,U020,INV00183,Reimbursement,0
TX000802,2208.37,EUR,2025-03-14,CP0144,U017,INV00160,Hardware purchase,0
TX000803,-706.61,EUR,2024-04-27,CP0154,U008,INV00020,Monthly retainer,0
TX000804,-715.05,EUR,2025-03-11,CP0167,U016,INV00210,Subscription renewal,0
TX000805,1647.97,EUR,2025-06-21,CP0022,U000,INV00197,One‑off service,0
TX000806,934.95,EUR,2024-05-15,CP0024,U000,INV00027,Monthly retainer,0
TX000807,-971.89,EUR,2024-01-16,CP0166,U012,INV00250,Subscription renewal,0
TX000808,30963.28,EUR,2025-07-29,CP0068,U014,INV00171,One‑off service,0
TX000809,-331.03,EUR,2024-11-09,CP0004,U022,INV00022,Reimbursement,0
TX000810,-1959.45,GBP,2025-04-10,CP0051,U018,INV00127,Office supplies,0
TX000811,2449.84,USD,2024-07-11,CP0150,U006,INV00217,Services invoice,0
TX000812,2589.91,EUR,2024-06-28,CP0063,U019,INV00072,Services invoice,0
TX000813,1858.12,EUR,2024-05-15,CP0013,U011,INV00242,Annual support,0
TX000814,1955.21,EUR,2024-05-10,CP0129,U019,INV00108,Services invoice,0
TX000815,366.13,EUR,2024-10-09,CP0035,U004,INV00058,Reimbursement,0
TX000816,-581.29,EUR,2024-03-04,CP0063,U000,INV00092,Reimbursement,0
TX000817,2612.7,EUR,2025-05-20,CP0000,U001,INV00136,Hardware purchase,0
TX000818,3624.96,EUR,2024-11-02,CP0108,U023,INV00178,One‑off service,0
TX000819,2076.37,EUR,2025-07-03,CP0080,U001,INV00241,Office supplies,0
TX000820,423.1,EUR,2024-10-28,CP0156,U022,INV00050,One‑off service,0
TX000821,1906.73,EUR,2024-06-30,CP0060,U017,INV00249,Travel expenses,0
TX000822,4412.97,EUR,2024-11-04,CP0036,U003,INV00137,Hardware purchase,0
TX000823,-1622.91,USD,2024-04-02,CP0029,U020,INV00033,Services invoice,0
TX000824,3254.21,EUR,2025-05-09,CP0036,U003,INV00240,Reimbursement,0
TX000825,4892.8,EUR,2025-03-08,CP0081,U003,INV00090,Subscription renewal,0
TX000826,1449.5,EUR,2024-03-29,CP0015,U013,INV00161,Services invoice,0
TX000827,-2243.48,EUR,2024-12-15,CP0072,U006,INV00181,Office supplies,0
TX000828,-1976.79,EUR,2024-11-18,CP0153,U006,INV00003,Hardware purchase,0
TX000829,-580.33,EUR,2024-04-30,CP0138,U004,INV00057,Subscription renewal,0
TX000830,528.58,GBP,2024-03-14,CP0114,U014,INV00178,Office supplies,0
TX000831,2685.94,EUR,2025-04-01,CP0160,U000,INV00084,Consulting fee,0
TX000832,-2929.86,EUR,2024-06-07,CP0140,U005,INV00002,Reimbursement,0
TX000833,3314.57,EUR,2024-11-07,CP0117,U013,INV00006,Reimbursement,0
TX000834,3664.72,USD,2024-05-28,CP0155,U011,INV00214,Services invoice,1
TX000835,-1661.54,EUR,2025-01-27,CP0022,U016,INV00039,Travel expenses,0
TX000836,1126.56,GBP,2024-01-30,CP0147,U005,INV00026,One‑off service,0
TX000837,3121.19,EUR,2024-08-03,CP0053,U015,INV00146,Services invoice,0
TX000838,-2355.68,EUR,2024-11-24,CP0131,U018,INV00030,Annual support,0
TX000839,321.05,USD,2024-09-20,CP0164,U009,INV00169,Travel expenses,0
TX000840,259.64,EUR,2025-01-02,CP0089,U006,INV00141,Annual support,0
TX000841,-2090.32,EUR,2024-04-18,CP0015,U013,INV00168,Annual support,0
TX000842,-1287.27,GBP,2024-09-22,CP0066,U013,INV00127,Monthly retainer,0
TX000843,11746.24,EUR,2025-03-29,CP0073,U002,INV00202,Monthly retainer,0
TX000844,-2787.04,EUR,2024-07-19,CP0168,U013,INV00167,Subscription renewal,0
TX000845,2410.84,USD,2024-04-04,CP0169,U003,INV00107,Hardware purchase,0
TX000846,3095.85,USD,2025-05-23,CP0102,U013,INV00003,Travel expenses,0
TX000847,-817.84,GBP,2025-04-11,CP0171,U022,INV00071,Annual support,0
TX000848,1804.08,USD,2025-02-12,CP0078,U012,INV00034,Travel expenses,0
TX000849,2333.63,EUR,2025-04-23,CP0074,U018,INV00004,Monthly retainer,0
TX000850,-331.9,USD,2025-04-12,CP0150,U007,INV00071,Monthly retainer,0
TX000851,714.13,EUR,2025-03-23,CP0120,U022,INV00053,Office supplies,0
TX000852,491.42,EUR,2024-11-01,CP0094,U019,INV00019,One‑off service,0
TX000853,1526.04,EUR,2024-01-12,CP0082,U022,INV00081,Reimbursement,0
TX000854,3453.42,USD,2024-12-24,CP0127,U017,INV00131,Travel expenses,1
TX000855,-3927.11,EUR,2024-06-12,CP0135,U015,INV00046,Subscription renewal,0
TX000856,522.85,USD,2025-04-08,CP0088,U012,INV00071,One‑off service,0
TX000857,2131.87,EUR,2024-10-08,CP0005,U022,INV00005,Travel expenses,0
TX000858,-17364.48,EUR,2025-06-27,CP0018,U020,INV00013,Office supplies,0
TX000859,-1965.15,EUR,2024-12-23,CP0025,U010,INV00040,Subscription renewal,0
TX000860,1978.78,EUR,2024-11-26,CP0083,U002,INV00117,Annual support,0
TX000861,1864.49,EUR,2025-07-05,CP0110,U000,INV00173,Consulting fee,0
TX000862,3525.08,EUR,2024-10-12,CP0144,U005,INV00204,Office supplies,0
TX000863,22583.68,EUR,2024-08-13,CP0041,U001,INV00163,Reimbursement,0
TX000864,227.82,EUR,2024-08-10,CP0141,U005,INV00160,Subscription renewal,0
TX000865,2454.87,EUR,2025-06-09,CP0119,U002,INV00243,Monthly retainer,0
TX000866,-2570.85,EUR,2025-03-29,CP0009,U023,INV00066,Services invoice,0
TX000867,1877.96,EUR,2024-04-08,CP0063,U002,INV00207,Reimbursement,0
TX000868,-2857.71,EUR,2024-10-22,CP0054,U015,INV00243,Services invoice,0
TX000869,1725.69,EUR,2024-08-10,CP0159,U008,INV00147,Travel expenses,0
TX000870,1740.56,EUR,2025-01-23,CP0165,U004,INV00218,Annual support,0
TX000871,-1645.49,EUR,2024-02-01,CP0147,U016,INV00035,One‑off service,0
TX000872,-921.89,EUR,2025-03-04,CP0095,U023,INV00228,Travel expenses,0
TX000873,1403.52,EUR,2025-03-21,CP0088,U018,INV00146,Office supplies,0
TX000874,-698.1,EUR,2024-05-15,CP0056,U023,INV00057,Travel expenses,0
TX000875,-76.26,EUR,2024-03-31,CP0139,U014,INV00016,Monthly retainer,0
TX000876,-3220.82,EUR,2025-01-11,CP0015,U016,INV00187,Annual support,0
TX000877,-2105.05,EUR,2024-06-03,CP0048,U003,INV00112,Monthly retainer,0
TX000878,1464.2,USD,2025-07-18,CP0024,U020,INV00080,Travel expenses,0
TX000879,822.24,EUR,2025-04-10,CP0088,U017,INV00101,Subscription renewal,0
TX000880,1855.4,EUR,2025-07-27,CP0053,U006,INV00257,Annual support,0
TX000881,2689.72,USD,2024-11-16,CP0035,U008,INV00111,Travel expenses,0
TX000882,-507.64,EUR,2025-07-17,CP0067,U014,INV00020,Reimbursement,0
TX000883,-1494.21,EUR,2024-01-09,CP0154,U000,INV00072,One‑off service,0
TX000884,2541.68,USD,2024-06-22,CP0100,U019,INV00037,One‑off service,0
TX000885,-823.2,EUR,2024-01-02,CP0148,U006,INV00178,Reimbursement,0
TX000886,1430.92,USD,2025-02-10,CP0164,U001,INV00208,Hardware purchase,0
TX000887,-984.85,EUR,2024-11-02,CP0162,U007,INV00218,Travel expenses,0
TX000888,1339.4,EUR,2024-06-21,CP0063,U020,INV00164,Office supplies,0
TX000889,898.05,EUR,2024-07-01,CP0157,U006,INV00199,Subscription renewal,0
TX000890,1665.15,EUR,2025-01-21,CP0163,U012,INV00108,One‑off service,0
TX000891,-3808.35,USD,2024-04-18,CP0172,U019,INV00163,Services invoice,1
TX000892,-1111.29,EUR,2024-11-04,CP0063,U000,INV00027,Services invoice,0
TX000893,14800.4,EUR,2025-01-03,CP0041,U018,INV00139,Subscription renewal,0
TX000894,3893.7,EUR,2024-05-23,CP0105,U006,INV00144,Reimbursement,0
TX000895,839.98,EUR,2024-05-17,CP0167,U016,INV00008,Consulting fee,0
TX000896,-3677.61,EUR,2024-07-31,CP0162,U004,INV00142,Reimbursement,0
TX000897,1506.39,USD,2024-12-21,CP0102,U003,INV00187,Reimbursement,0
TX000898,3638.28,EUR,2024-06-01,CP0026,U018,INV00095,Travel expenses,0
TX000899,2400.24,USD,2024-08-15,CP0076,U019,INV00141,Services invoice,0
TX000900,1868.53,EUR,2024-11-22,CP0128,U023,INV00074,Consulting fee,0
TX000901,1421.24,EUR,2024-04-22,CP0100,U016,INV00070,Reimbursement,0
TX000902,-751.15,EUR,2024-12-07,CP0062,U011,INV00033,Hardware purchase,0
TX000903,1590.95,EUR,2024-03-23,CP0061,U004,INV00085,Annual support,0
TX000904,2576.83,EUR,2024-03-26,CP0010,U007,INV00208,One‑off service,0
TX000905,1484.27,EUR,2024-05-22,CP0051,U015,INV00243,Consulting fee,0
TX000906,1120.05,EUR,2024-06-20,CP0120,U008,INV00165,Services invoice,0
TX000907,1199.06,USD,2024-01-18,CP0043,U011,INV00162,Office supplies,0
TX000908,2690.97,USD,2025-07-30,CP0178,U004,INV00159,Travel expenses,0
TX000909,2970.19,GBP,2024-07-03,CP0014,U010,INV00123,Travel expenses,0
TX000910,699.42,USD,2025-04-27,CP0105,U005,INV00109,Travel expenses,0
TX000911,697.69,EUR,2025-06-25,CP0089,U002,INV00161,Annual support,0
TX000912,1955.23,EUR,2025-04-25,CP0149,U003,INV00203,Monthly retainer,0
TX000913,3333.04,USD,2025-05-13,CP0159,U012,INV00107,Monthly retainer,0
TX000914,2875.19,USD,2024-03-01,CP0097,U008,INV00147,Monthly retainer,0
TX000915,2.22,GBP,2024-08-11,CP0113,U002,INV00122,Hardware purchase,0
TX000916,1183.11,EUR,2025-03-23,CP0125,U012,INV00074,Subscription renewal,0
TX000917,3066.24,EUR,2024-12-11,CP0093,U003,INV00075,Annual support,0
TX000918,1178.98,USD,2024-01-04,CP0033,U000,INV00020,Office supplies,0
TX000919,3425.29,USD,2024-12-06,CP0077,U003,INV00114,Office supplies,1
TX000920,-207.12,EUR,2025-04-27,CP0043,U010,INV00185,Monthly retainer,0
TX000921,-442.64,USD,2025-05-12,CP0083,U022,INV00178,Services invoice,0
TX000922,505.74,EUR,2024-08-18,CP0110,U005,INV00256,Annual support,0
TX000923,-1844.77,USD,2024-05-21,CP0037,U006,INV00010,Consulting fee,0
TX000924,2244.91,EUR,2024-07-04,CP0044,U005,INV00197,Travel expenses,0
TX000925,2024.94,USD,2024-06-26,CP0148,U008,INV00206,Annual support,0
TX000926,2910.82,EUR,2024-07-26,CP0067,U017,INV00113,Monthly retainer,0
TX000927,-615.7,EUR,2024-06-30,CP0035,U007,INV00073,Annual support,0
TX000928,2926.0,EUR,2024-10-01,CP0128,U015,INV00092,Office supplies,0
TX000929,-1125.49,EUR,2024-01-25,CP0128,U021,INV00177,Consulting fee,0
TX000930,2377.79,EUR,2024-06-14,CP0148,U022,INV00224,Consulting fee,0
TX000931,88.11,GBP,2024-07-07,CP0136,U013,INV00167,Monthly retainer,0
TX000932,1505.95,EUR,2024-04-02,CP0178,U017,INV00133,Services invoice,0
TX000933,1783.52,USD,2025-06-10,CP0103,U022,INV00169,Services invoice,0
TX000934,23095.2,EUR,2025-02-09,CP0051,U018,INV00018,One‑off service,0
TX000935,-402.31,EUR,2025-07-01,CP0155,U007,INV00158,Hardware purchase,0
TX000936,1536.9,EUR,2024-12-02,CP0047,U003,INV00010,Services invoice,0
TX000937,1581.76,EUR,2024-03-06,CP0052,U002,INV00249,Hardware purchase,0
TX000938,2106.6,EUR,2025-06-26,CP0149,U021,INV00231,Services invoice,0
TX000939,2432.66,USD,2024-10-01,CP0158,U013,INV00132,Monthly retainer,0
TX000940,3044.6,USD,2025-02-14,CP0061,U007,INV00097,Services invoice,0
TX000941,857.96,EUR,2024-08-16,CP0131,U008,INV00190,Annual support,0
TX000942,-2612.67,GBP,2024-10-23,CP0166,U006,INV00165,Annual support,0
TX000943,-3133.08,EUR,2024-10-20,CP0143,U019,INV00183,Reimbursement,0
TX000944,471.9,EUR,2024-06-19,CP0000,U014,INV00134,Annual support,0
TX000945,-2234.81,EUR,2024-11-28,CP0119,U021,INV00061,Office supplies,0
TX000946,2650.21,EUR,2025-03-16,CP0030,U007,INV00019,Subscription renewal,0
TX000947,-1189.53,EUR,2024-01-13,CP0152,U011,INV00073,One‑off service,0
TX000948,47.07,EUR,2024-03-19,CP0012,U002,INV00137,Services invoice,0
TX000949,-2631.55,EUR,2025-05-20,CP0178,U023,INV00110,Travel expenses,0
TX000950,-60.59,EUR,2024-12-07,CP0031,U012,INV00131,Annual support,0
TX000951,1285.98,EUR,2025-08-07,CP0075,U013,INV00072,Reimbursement,0
TX000952,1451.85,EUR,2024-12-28,CP0042,U009,INV00243,Travel expenses,0
TX000953,2358.65,EUR,2025-01-27,CP0146,U006,INV00095,Consulting fee,0
TX000954,748.04,USD,2025-06-23,CP0070,U022,INV00220,Reimbursement,0
TX000955,-678.5,EUR,2025-01-31,CP0134,U011,INV00101,Hardware purchase,0
TX000956,1618.7,EUR,2024-07-16,CP0012,U016,INV00115,Monthly retainer,0
TX000957,2707.67,EUR,2024-11-12,CP0081,U000,INV00157,Annual support,0
TX000958,-4244.94,EUR,2024-05-21,CP0163,U006,INV00068,One‑off service,0
TX000959,-308.98,EUR,2024-07-19,CP0166,U019,INV00057,Office supplies,0
TX000960,1878.41,GBP,2025-02-12,CP0037,U002,INV00098,Services invoice,0
TX000961,196.16,EUR,2024-03-30,CP0070,U002,INV00209,Monthly retainer,0
TX000962,2722.57,EUR,2025-02-07,CP0073,U019,INV00037,Office supplies,0
TX000963,373.75,EUR,2024-12-16,CP0101,U007,INV00113,Hardware purchase,0
TX000964,-690.42,EUR,2024-07-04,CP0096,U006,INV00174,Travel expenses,0
TX000965,792.87,EUR,2024-01-27,CP0019,U013,INV00183,Subscription renewal,0
TX000966,1408.56,EUR,2025-02-26,CP0137,U004,INV00112,Monthly retainer,0
TX000967,-1887.84,USD,2025-05-09,CP0040,U001,INV00021,Travel expenses,0
TX000968,-2080.44,EUR,2025-03-14,CP0056,U000,INV00004,Subscription renewal,0
TX000969,1493.08,EUR,2024-09-09,CP0151,U001,INV00122,Reimbursement,0
TX000970,-95.87,EUR,2025-01-27,CP0124,U003,INV00210,One‑off service,0
TX000971,2373.34,USD,2024-09-05,CP0071,U016,INV00007,One‑off service,0
TX000972,1436.45,EUR,2024-08-02,CP0164,U007,INV00230,Consulting fee,0
TX000973,2894.08,EUR,2024-07-15,CP0070,U001,INV00175,Reimbursement,0
TX000974,650.71,USD,2024-05-06,CP0101,U000,INV00002,Office supplies,0
TX000975,422.73,EUR,2025-08-04,CP0044,U011,INV00089,Office supplies,0
TX000976,1459.17,USD,2025-02-03,CP0032,U020,INV00057,Consulting fee,0
TX000977,-3055.14,EUR,2024-04-14,CP0088,U008,INV00246,Hardware purchase,0
TX000978,-13545.04,EUR,2025-06-03,CP0101,U001,INV00144,Annual support,0
TX000979,1260.4,GBP,2024-03-31,CP0145,U005,INV00084,Services invoice,0
TX000980,-455.58,EUR,2024-12-22,CP0070,U011,INV00072,Hardware purchase,0
TX000981,3609.32,EUR,2024-04-09,CP0161,U004,INV00146,Monthly retainer,0
TX000982,264.48,EUR,2024-08-04,CP0109,U023,INV00001,Consulting fee,0
TX000983,629.53,EUR,2025-01-30,CP0012,U018,INV00066,Hardware purchase,0
TX000984,2184.04,USD,2025-08-22,CP0133,U008,INV00043,Reimbursement,0
TX000985,-727.22,EUR,2025-08-18,CP0103,U022,INV00161,Services invoice,0
TX000986,-3029.51,USD,2025-06-21,CP0070,U007,INV00173,Consulting fee,0
TX000987,-17992.24,EUR,2024-05-21,CP0084,U003,INV00121,Annual support,0
TX000988,-2579.08,EUR,2024-02-26,CP0054,U022,INV00036,Consulting fee,0
TX000989,-2169.74,EUR,2025-06-27,CP0110,U023,INV00096,Travel expenses,0
TX000990,-1306.65,EUR,2025-07-07,CP0102,U007,INV00219,Hardware purchase,0
TX000991,-224.22,USD,2024-06-16,CP0080,U014,INV00052,Hardware purchase,0
TX000992,-1331.91,EUR,2024-01-12,CP0051,U004,INV00042,Subscription renewal,0
TX000993,329.72,EUR,2025-01-23,CP0071,U015,INV00028,Office supplies,0
TX000994,-2083.39,EUR,2024-02-15,CP0089,U016,INV00212,Monthly retainer,0
TX000995,-2468.14,EUR,2024-01-25,CP0084,U017,INV00031,Travel expenses,0
TX000996,3272.17,USD,2025-07-16,CP0055,U013,INV00151,Monthly retainer,0
TX000997,1946.12,EUR,2024-10-24,CP0104,U016,INV00259,Monthly retainer,0
TX000998,2609.49,EUR,2024-03-08,CP0040,U013,INV00166,Reimbursement,0
TX000999,-1143.43,EUR,2025-01-27,CP0090,U019,INV00107,Office supplies,0
TX001000,926.07,EUR,2024-08-09,CP0021,U004,INV00053,Office supplies,0
TX001001,2068.41,GBP,2024-11-17,CP0084,U011,INV00000,Annual support,0
TX001002,1036.23,EUR,2025-06-23,CP0141,U009,INV00040,Hardware purchase,0
TX001003,1823.02,EUR,2024-05-22,CP0147,U012,INV00247,Hardware purchase,0
TX001004,226.57,EUR,2025-01-22,CP0125,U003,INV00037,Travel expenses,0
TX001005,442.05,EUR,2025-05-12,CP0134,U007,INV00005,One‑off service,0
TX001006,-2262.49,GBP,2024-09-11,CP0011,U022,INV00212,Annual support,0
TX001007,2564.03,EUR,2025-08-05,CP0061,U002,INV00108,Office supplies,0
TX001008,-317.21,EUR,2024-09-25,CP0117,U015,INV00092,Monthly retainer,0
TX001009,-2304.74,EUR,2024-10-02,CP0144,U015,INV00186,One‑off service,0
TX001010,860.72,GBP,2025-06-14,CP0104,U011,INV00135,Subscription renewal,0
TX001011,-1519.81,GBP,2025-01-16,CP0153,U000,INV00237,Travel expenses,0
TX001012,-3200.33,EUR,2025-06-05,CP0049,U000,INV00121,Reimbursement,0
TX001013,2468.98,EUR,2025-04-19,CP0027,U006,INV00185,Office supplies,0
TX001014,2455.05,EUR,2025-03-03,CP0015,U002,INV00228,Office supplies,0
TX001015,3790.55,EUR,2024-05-24,CP0104,U002,INV00120,Subscription renewal,0
TX001016,655.34,EUR,2024-08-27,CP0119,U003,INV00073,Hardware purchase,0
TX001017,316.95,USD,2025-06-02,CP0051,U004,INV00253,Travel expenses,0
TX001018,633.45,USD,2025-01-04,CP0141,U020,INV00058,Annual support,0
TX001019,-1194.6,EUR,2024-06-17,CP0133,U015,INV00010,Reimbursement,0
TX001020,-1325.46,EUR,2024-07-15,CP0064,U000,INV00150,One‑off service,0
TX001021,1251.09,EUR,2025-04-10,CP0042,U015,INV00256,Monthly retainer,0
TX001022,846.52,EUR,2024-04-16,CP0133,U003,INV00022,Hardware purchase,0
TX001023,-2440.51,EUR,2024-03-08,CP0120,U010,INV00220,Annual support,0
TX001024,-1922.9,EUR,2025-04-04,CP0030,U000,INV00215,Hardware purchase,0
TX001025,-779.16,GBP,2024-06-22,CP0045,U002,INV00241,Consulting fee,0
TX001026,-2207.95,EUR,2025-04-04,CP0087,U003,INV00109,Services invoice,0
TX001027,-2367.92,USD,2024-11-16,CP0092,U010,INV00066,Office supplies,0
TX001028,577.75,EUR,2025-08-21,CP0029,U011,INV00133,Monthly retainer,0
TX001029,-908.37,EUR,2024-11-10,CP0170,U008,INV00037,Reimbursement,0
TX001030,-1170.44,EUR,2025-06-04,CP0069,U014,INV00219,Subscription renewal,0
TX001031,191.21,USD,2025-05-25,CP0068,U017,INV00172,Reimbursement,0
TX001032,609.04,EUR,2024-05-07,CP0010,U017,INV00125,Travel expenses,0
TX001033,1589.0,EUR,2025-08-20,CP0157,U013,INV00134,Subscription renewal,0
TX001034,365.54,EUR,2025-03-23,CP0042,U013,INV00185,Office supplies,0
TX001035,-883.86,EUR,2024-03-05,CP0177,U011,INV00136,Annual support,0
TX001036,29.6,EUR,2024-01-04,CP0089,U005,INV00218,Subscription renewal,0
TX001037,1705.34,EUR,2024-06-11,CP0157,U011,INV00240,Office supplies,0
TX001038,2010.86,EUR,2024-01-10,CP0032,U000,INV00246,One‑off service,0
TX001039,1982.84,USD,2024-08-02,CP0029,U023,INV00161,Travel expenses,0
TX001040,1514.83,EUR,2025-08-20,CP0144,U008,INV00193,One‑off service,0
TX001041,-349.29,EUR,2024-10-14,CP0147,U018,INV00080,Office supplies,0
TX001042,756.06,EUR,2024-01-15,CP0097,U022,INV00009,Reimbursement,0
TX001043,1011.23,EUR,2024-10-23,CP0005,U011,INV00104,Travel expenses,0
TX001044,1016.05,USD,2024-05-11,CP0169,U020,INV00226,Reimbursement,0
TX001045,1589.98,EUR,2025-05-28,CP0070,U011,INV00034,Reimbursement,0
TX001046,3210.65,EUR,2024-02-24,CP0168,U003,INV00141,Services invoice,0
TX001047,19796.16,USD,2025-04-07,CP0156,U000,INV00050,Consulting fee,1
TX001048,-314.98,EUR,2024-09-24,CP0153,U003,INV00111,Reimbursement,0
TX001049,18512.64,EUR,2024-01-12,CP0123,U022,INV00037,Office supplies,0
TX001050,-2268.36,EUR,2025-02-07,CP0121,U011,INV00191,Reimbursement,0
TX001051,532.72,EUR,2024-09-30,CP0095,U007,INV00210,Consulting fee,0
TX001052,2518.64,EUR,2025-04-07,CP0004,U010,INV00197,Hardware purchase,0
TX001053,1307.55,EUR,2025-01-05,CP0069,U006,INV00183,Reimbursement,0
TX001054,-191.94,EUR,2025-04-17,CP0131,U020,INV00061,Reimbursement,0
TX001055,2046.24,EUR,2024-10-03,CP0146,U023,INV00137,Subscription renewal,0
TX001056,-1760.35,USD,2024-01-05,CP0100,U002,INV00027,Consulting fee,0
TX001057,-1226.79,EUR,2024-03-19,CP0127,U017,INV00097,Monthly retainer,0
TX001058,-1455.06,EUR,2024-10-02,CP0003,U008,INV00131,Reimbursement,0
TX001059,637.1,EUR,2024-08-26,CP0084,U001,INV00173,Annual support,0
TX001060,-2232.16,EUR,2025-04-21,CP0091,U022,INV00025,Hardware purchase,0
TX001061,1447.86,EUR,2024-09-03,CP0160,U001,INV00211,Hardware purchase,0
TX001062,-1699.74,EUR,2025-05-31,CP0055,U004,INV00119,Reimbursement,0
TX001063,15428.56,USD,2024-04-22,CP0041,U000,INV00229,Reimbursement,0
TX001064,114.5,USD,2024-08-18,CP0063,U011,INV00137,Consulting fee,0
TX001065,426.86,USD,2025-03-29,CP0030,U014,INV00142,Monthly retainer,0
TX001066,-1151.93,EUR,2024-03-15,CP0100,U007,INV00180,Annual support,0
TX001067,2177.69,EUR,2024-07-11,CP0115,U001,INV00213,Services invoice,0
TX001068,45.35,EUR,2025-03-27,CP0144,U002,INV00040,Annual support,0
TX001069,1659.08,EUR,2024-12-19,CP0174,U022,INV00132,Travel expenses,0
TX001070,-1945.19,EUR,2025-04-11,CP0013,U019,INV00007,Services invoice,0
TX001071,-2222.82,EUR,2024-11-05,CP0044,U022,INV00123,Consulting fee,0
TX001072,55.18,EUR,2025-05-30,CP0054,U012,INV00211,Monthly retainer,0
TX001073,1421.81,EUR,2025-06-10,CP0044,U013,INV00225,Annual support,0
TX001074,3504.34,EUR,2025-08-07,CP0148,U018,INV00073,Reimbursement,0
TX001075,3557.18,EUR,2024-03-14,CP0025,U014,INV00100,Reimbursement,0
TX001076,2684.79,EUR,2024-12-20,CP0005,U010,INV00143,Hardware purchase,0
TX001077,1904.99,EUR,2024-03-09,CP0154,U007,INV00102,Reimbursement,0
TX001078,293.87,EUR,2024-05-17,CP0173,U011,INV00046,Reimbursement,0
TX001079,2362.35,EUR,2024-06-29,CP0040,U001,INV00079,Services invoice,0
TX001080,1310.37,USD,2025-01-22,CP0059,U004,INV00105,Subscription renewal,0
TX001081,2172.63,EUR,2024-09-15,CP0090,U017,INV00134,Services invoice,0
TX001082,740.59,EUR,2025-06-02,CP0094,U020,INV00239,Hardware purchase,0
TX001083,1292.48,EUR,2024-06-28,CP0178,U002,INV00141,Travel expenses,0
TX001084,-1696.98,EUR,2025-01-05,CP0072,U002,INV00100,Reimbursement,0
TX001085,1795.53,USD,2025-04-02,CP0002,U002,INV00171,Consulting fee,0
TX001086,2092.47,EUR,2025-08-11,CP0076,U018,INV00200,Annual support,0
TX001087,804.97,GBP,2024-05-27,CP0100,U007,INV00111,Monthly retainer,0
TX001088,895.52,USD,2025-03-16,CP0093,U007,INV00127,Travel expenses,0
TX001089,3449.74,EUR,2024-02-20,CP0092,U000,INV00056,Monthly retainer,0
TX001090,4487.11,EUR,2024-11-22,CP0166,U023,INV00224,Monthly retainer,0
TX001091,2036.9,EUR,2024-09-05,CP0145,U010,INV00225,Monthly retainer,0
TX001092,-88.79,EUR,2025-07-29,CP0045,U019,INV00045,Hardware purchase,0
TX001093,-572.17,EUR,2025-04-09,CP0063,U016,INV00089,Reimbursement,0
TX001094,2110.94,EUR,2025-07-10,CP0120,U003,INV00070,Subscription renewal,0
TX001095,3109.34,EUR,2025-05-25,CP0073,U019,INV00239,Subscription renewal,0
TX001096,-44.53,EUR,2024-09-03,CP0077,U013,INV00016,Hardware purchase,0
TX001097,1350.8,EUR,2025-03-16,CP0030,U014,INV00053,Subscription renewal,0
TX001098,1735.12,EUR,2024-01-19,CP0045,U004,INV00081,Office supplies,0
TX001099,-2537.49,GBP,2024-11-30,CP0133,U020,INV00145,Travel expenses,0
TX001100,1087.68,EUR,2024-01-29,CP0151,U022,INV00064,Annual support,0
TX001101,-376.58,EUR,2025-03-10,CP0141,U009,INV00139,Consulting fee,0
TX001102,2245.44,GBP,2025-08-03,CP0055,U002,INV00194,Services invoice,0
TX001103,2849.76,EUR,2025-02-12,CP0024,U020,INV00215,Travel expenses,0
TX001104,-1400.89,EUR,2025-05-18,CP0028,U021,INV00025,Annual support,0
TX001105,1986.29,EUR,2024-05-20,CP0070,U012,INV00036,Office supplies,0
TX001106,930.61,EUR,2025-08-19,CP0093,U013,INV00024,Hardware purchase,0
TX001107,-485.07,USD,2024-11-26,CP0160,U005,INV00236,Subscription renewal,0
TX001108,2731.71,EUR,2025-02-08,CP0161,U001,INV00169,Services invoice,0
TX001109,-1965.0,EUR,2025-04-07,CP0000,U022,INV00138,One‑off service,0
TX001110,2088.44,EUR,2025-01-18,CP0127,U011,INV00205,Reimbursement,0
TX001111,3302.54,EUR,2024-07-09,CP0053,U006,INV00152,Monthly retainer,0
TX001112,234.19,EUR,2025-01-01,CP0035,U016,INV00061,Subscription renewal,0
TX001113,837.57,EUR,2025-01-27,CP0099,U000,INV00132,Travel expenses,0
TX001114,-1689.52,EUR,2025-05-29,CP0006,U001,INV00182,Services invoice,0
TX001115,822.82,EUR,2024-10-15,CP0060,U005,INV00009,Monthly retainer,0
TX001116,-2439.76,EUR,2024-10-28,CP0099,U010,INV00157,Hardware purchase,0
TX001117,1275.12,USD,2024-10-28,CP0048,U008,INV00129,Hardware purchase,0
TX001118,308.96,EUR,2024-03-09,CP0106,U004,INV00018,Subscription renewal,0
TX001119,-1578.93,EUR,2024-02-24,CP0082,U008,INV00068,Hardware purchase,0
TX001120,-1704.41,EUR,2024-01-13,CP0143,U008,INV00116,Hardware purchase,0
TX001121,-2621.62,USD,2025-02-03,CP0032,U012,INV00089,One‑off service,0
TX001122,-1971.77,EUR,2024-09-08,CP0010,U013,INV00075,One‑off service,0
TX001123,-2053.38,USD,2025-06-03,CP0095,U021,INV00168,Services invoice,0
TX001124,1884.35,EUR,2025-02-25,CP0046,U019,INV00105,Office supplies,0
TX001125,1274.13,USD,2024-03-25,CP0127,U007,INV00129,Travel expenses,0
TX001126,640.54,USD,2024-03-01,CP0016,U021,INV00207,Travel expenses,0
TX001127,1846.61,EUR,2024-08-07,CP0103,U012,INV00024,Reimbursement,0
TX001128,1100.25,EUR,2025-07-06,CP0178,U004,INV00093,Annual support,0
TX001129,3527.79,EUR,2024-01-30,CP0016,U008,INV00018,One‑off service,0
TX001130,3110.62,EUR,2024-04-22,CP0054,U017,INV00241,Annual support,0
TX001131,2259.41,EUR,2024-01-18,CP0151,U019,INV00048,Subscription renewal,0
TX001132,1954.16,EUR,2024-09-05,CP0096,U008,INV00213,Hardware purchase,0
TX001133,1394.45,GBP,2025-08-16,CP0031,U003,INV00049,Office supplies,0
TX001134,-13.35,EUR,2025-02-14,CP0038,U004,INV00084,Subscription renewal,0
TX001135,1240.59,EUR,2024-10-23,CP0137,U002,INV00158,Travel expenses,0
TX001136,1621.68,EUR,2024-03-27,CP0154,U016,INV00216,Subscription renewal,0
TX001137,1775.35,EUR,2024-08-01,CP0064,U012,INV00046,Reimbursement,0
TX001138,2063.44,EUR,2024-11-10,CP0085,U010,INV00055,One‑off service,0
TX001139,-2605.6,EUR,2024-06-13,CP0140,U016,INV00229,Subscription renewal,0
TX001140,-669.42,EUR,2025-02-27,CP0031,U019,INV00083,Office supplies,0
TX001141,680.31,GBP,2025-08-11,CP0037,U019,INV00054,Annual support,0
TX001142,-3241.03,EUR,2024-05-03,CP0139,U003,INV00193,Travel expenses,0
TX001143,2425.18,GBP,2024-05-31,CP0033,U014,INV00023,Reimbursement,0
TX001144,-1031.07,EUR,2024-03-16,CP0138,U021,INV00225,Travel expenses,0
TX001145,1371.35,EUR,2025-03-11,CP0089,U018,INV00227,Subscription renewal,0
TX001146,-1376.74,EUR,2024-10-04,CP0178,U007,INV00222,Monthly retainer,0
TX001147,1537.89,EUR,2024-06-19,CP0005,U009,INV00076,Services invoice,0
TX001148,2067.22,USD,2024-05-11,CP0170,U021,INV00029,Consulting fee,0
TX001149,-4541.99,EUR,2024-02-12,CP0040,U000,INV00110,Reimbursement,0
TX001150,-1727.71,EUR,2024-10-12,CP0006,U012,INV00086,Office supplies,0
TX001151,2295.12,USD,2025-02-13,CP0130,U002,INV00249,Reimbursement,0
TX001152,-523.77,EUR,2024-05-21,CP0095,U021,INV00164,Office supplies,0
TX001153,918.12,EUR,2024-01-01,CP0150,U000,INV00245,Hardware purchase,0
TX001154,-2974.58,EUR,2024-10-10,CP0019,U000,INV00195,Reimbursement,0
TX001155,1982.78,USD,2025-02-09,CP0014,U007,INV00185,Office supplies,0
TX001156,3766.94,EUR,2024-07-25,CP0102,U004,INV00029,Consulting fee,0
TX001157,2308.83,EUR,2024-05-30,CP0158,U011,INV00017,Annual support,0
TX001158,3801.8,EUR,2024-04-02,CP0073,U007,INV00012,Office supplies,0
TX001159,895.09,EUR,2025-03-23,CP0143,U008,INV00154,Reimbursement,0
TX001160,3323.27,USD,2025-05-31,CP0163,U013,INV00052,Consulting fee,0
TX001161,-1826.35,EUR,2025-04-06,CP0156,U013,INV00257,Subscription renewal,0
TX001162,-2625.6,EUR,2024-11-06,CP0091,U022,INV00034,Subscription renewal,0
TX001163,-1489.62,EUR,2025-03-10,CP0125,U011,INV00246,Monthly retainer,0
TX001164,10559.76,USD,2024-08-26,CP0094,U013,INV00173,Annual support,1
TX001165,-2035.37,EUR,2024-01-15,CP0121,U016,INV00027,Consulting fee,0
TX001166,-2881.01,USD,2024-08-08,CP0102,U004,INV00015,Monthly retainer,0
TX001167,1936.66,EUR,2025-02-26,CP0094,U016,INV00102,Office supplies,0
TX001168,-2201.79,USD,2025-01-23,CP0078,U020,INV00088,Monthly retainer,0
TX001169,1005.99,EUR,2025-08-17,CP0117,U007,INV00082,Reimbursement,0
TX001170,-733.67,EUR,2025-08-21,CP0135,U004,INV00137,Office supplies,0
TX001171,2330.24,EUR,2024-05-25,CP0165,U008,INV00033,One‑off service,0
TX001172,3599.7,EUR,2024-01-06,CP0110,U006,INV00033,Consulting fee,0
TX001173,-2855.5,GBP,2024-06-13,CP0018,U014,INV00180,One‑off service,0
TX001174,885.45,GBP,2025-06-09,CP0105,U020,INV00257,One‑off service,0
TX001175,317.87,EUR,2025-05-03,CP0056,U014,INV00071,Consulting fee,0
TX001176,484.84,USD,2024-02-29,CP0004,U003,INV00242,Hardware purchase,0
TX001177,-411.57,EUR,2024-04-06,CP0013,U007,INV00089,Office supplies,0
TX001178,1553.03,EUR,2024-12-04,CP0106,U016,INV00087,Monthly retainer,0
TX001179,-1972.1,EUR,2025-01-31,CP0170,U007,INV00023,One‑off service,0
TX001180,-216.3,EUR,2025-08-12,CP0091,U014,INV00110,Reimbursement,0
TX001181,-2432.55,EUR,2025-03-29,CP0080,U016,INV00129,Annual support,0
TX001182,2221.32,EUR,2024-05-07,CP0015,U007,INV00172,Annual support,0
TX001183,-842.21,EUR,2024-01-23,CP0121,U015,INV00041,Consulting fee,0
TX001184,1292.97,EUR,2025-01-15,CP0009,U009,INV00049,Subscription renewal,0
TX001185,-839.76,USD,2024-11-28,CP0151,U003,INV00112,Annual support,0
TX001186,-1101.29,EUR,2025-07-07,CP0146,U008,INV00018,One‑off service,0
TX001187,1508.86,EUR,2024-12-11,CP0178,U010,INV00037,Monthly retainer,0
TX001188,1702.5,EUR,2024-10-27,CP0051,U000,INV00163,Consulting fee,0
TX001189,-1954.65,EUR,2024-07-01,CP0029,U021,INV00248,Subscription renewal,0
TX001190,1793.09,EUR,2024-02-21,CP0053,U012,INV00148,One‑off service,0
TX001191,1182.79,EUR,2025-06-09,CP0143,U000,INV00037,Consulting fee,0
TX001192,-1843.43,EUR,2025-05-10,CP0039,U020,INV00257,Monthly retainer,0
TX001193,-2702.44,EUR,2024-04-07,CP0159,U020,INV00135,Services invoice,0
TX001194,-1385.4,USD,2025-02-26,CP0027,U000,INV00186,Travel expenses,0
TX001195,-1881.11,USD,2024-08-06,CP0008,U003,INV00051,Office supplies,0
TX001196,1276.59,EUR,2024-09-19,CP0039,U008,INV00150,Subscription renewal,0
TX001197,723.89,GBP,2025-05-24,CP0135,U012,INV00019,Monthly retainer,0
TX001198,2127.46,USD,2025-05-20,CP0108,U017,INV00162,Reimbursement,0
TX001199,833.73,EUR,2024-04-24,CP0063,U010,INV00052,Services invoice,0
